id,title,actual,predicted
1044287a-73df-48d0-b0b2-5327f32dd651,JoJo no Kimyou na Bouken: Part 7 - Steel Ball Run Color-ban,High,High
801513ba-a712-498c-8f57-cae55b38cc92,Berserk,Very High,High
a9dd451c-3c45-4d66-a818-4e1b78855838,Uma Musume - Cinderella Gray,High,Medium
d1a9fdeb-f713-407f-960c-8326b586e6fd,Vagabond,High,High
0d4b349e-b7a2-4d63-9ce0-f864e790c4a2,Veil,High,High
8b8102da-c875-4dae-a79c-c62e817ff3f5,Eomma re Mannareo Ganeun Gil,High,Medium
d7f56ace-cd30-48b9-8b64-afeca0077fca,Yeokdaegeum Yeongji Seolgyesa,High,High
418791c0-35cf-4f87-936b-acd9cddf0989,Kaoru Hana wa Rin to Saku,Very High,High
984df7d5-ae4c-43c6-aa65-737b9f37e5ef,Nae Choeae neun Makcha reul Tanda,High,High
6ecc62e4-25ad-4102-b0d8-580a8023d2fb,Kimi to Tsuzuru Utakata,High,High
d90ea6cb-7bc3-4d80-8af0-28557e6c4e17,Dungeon Meshi,Very High,High
58be6aa6-06cb-4ca5-bd20-f1392ce451fb,Yotsuba to!,High,High
2c4b353f-d968-461b-be49-4f2599189a79,Pokemon: Ouja no Saiten,High,High
b30dfee3-9d1d-4e8d-bfbe-8fcabc3c96f6,JoJo no Kimyou na Bouken: Part 7 - Steel Ball Run,High,High
3fba42cf-2ad6-4c30-a7ab-46cb8149208a,Bungou Stray Dogs,High,High
c8a0426d-539b-4f6a-9537-fbccf4962529,Amayo no Tsuki,High,High
ea47525d-99df-45b5-9103-dd853f49f8c3,Mairimashita! Iruma-kun - If Episode of Mafia,High,High
a1c7c817-4e59-43b7-9365-09675a149a6f,One Piece,Very High,High
151bca3e-db98-4ad2-8d8d-239943b91437,Yǒu Shòu Yān,Medium,High
8516915a-51a2-44e0-a915-aff325216a26,Otonari no Tenshi-sama ni Itsunomanika Dame Ningen ni Sareteita Ken: after the rain,High,High
df9be021-ff37-419e-ba6e-dda3e28eb763,Kono Oto Tomare!,High,High
bb8310e4-6050-4a43-984e-f7bbdfce23b1,Kokou no Hito,High,High
b0b721ff-c388-4486-aa0f-c2b0bb321512,Sousou no Frieren,Very High,High
85b3504c-62e8-49e7-9a81-fb64a3f51def,Houkago Kitaku Biyori,High,High
f7888782-0727-49b0-95ec-a3530c70f83b,Hajime no Ippo,High,High
1693697a-783c-4d3c-a2d3-dc069e137a23,Jib-i Eobs-eo,High,High
9d3d3403-1a87-4737-9803-bc3d99db1424,Ki ni Natteru Hito ga Otoko ja Nakatta,Very High,High
b603c211-d1f9-4145-a2ac-04dcd5f06329,Sasaki to Miyano,High,High
cade38b7-64c4-4a29-8e3c-8c283291d6c6,Houseki no Kuni,High,High
2e0fdb3b-632c-4f8f-a311-5b56952db647,Bocchi the Rock!,High,High
645ed5e1-9a81-4771-9088-8e8265c4bd42,Kimi ni Okuru Eien,Medium,High
5d1fc77e-706a-4fc5-bea8-486c9be0145d,Vinland Saga,Very High,High
0fc2cafc-0c2f-419c-a891-5c0745080800,Bungou Stray Dogs: STORM BRINGER,Medium,High
e18fe8c6-f6dc-4f05-8462-7b2083ff9a6c,Kusuriya no Hitorigoto,Very High,High
a4b39b6e-a448-4644-a540-64ceff1d8305,Jibaku Shounen: Hanako-kun,High,High
db692d58-4b13-4174-ae8c-30c515c0689c,Hunter x Hunter,High,High
6df29d13-2dab-4ca6-a0b5-74070abf3e1d,Akuyaku Reijou no Naka no Hito,High,High
fed8c19c-9dec-4ef1-a187-af2c0c9cf17c,"Umarekawatte mo mata, Watashi to Kekkon shite kuremasu ka?",High,High
7a9d76c3-42b9-4bcf-81d7-ad307d2ea971,JoJo no Kimyou na Bouken: Part 8 - JoJolion Color-ban,High,High
cb1b1da5-9436-49f5-8a6b-a1689fb86d91,Love Bullet,High,High
077a3fed-1634-424f-be7a-9a96b7f07b78,Kingdom,High,High
5b93fa0f-0640-49b8-974e-954b9959929b,Shoujo Shuumatsu Ryoukou,High,High
ab8cbb82-d0ed-45a7-8ffe-4bfa6d43d79c,JoJo no Kimyou na Bouken Dai-9-bu: The JOJOLands,High,Medium
4a433d6b-f51a-4c2f-a183-85419fe98efc,Medalist,High,High
56261e00-c2e5-48b5-b003-f28a58eb80f7,Bungou Stray Dogs Beast,Medium,Medium
157ab2cc-1fc7-4b29-8955-72d94a140982,Kesa mo Yuraretemasu,High,High
fffbfac3-b7ad-41ee-9581-b4d90ecec941,Grand Blue Dreaming,High,High
5f64d517-c4ea-40c0-a463-fcc069d39d3b,"Tsuihou Sareru Tabi ni Skill o Te ni Ireta Ore ga, 100 no Isekai de 2-shuume Musou",Very High,High
b73371d4-02dd-4db0-b448-d9afa3d698f1,Ao Ashi,High,High
9e03b2ca-5191-44a6-88b6-c0cd49d06b51,"Jumyou o Kaitotte Moratta. Ichinen ni Tsuki, Ichimanen de.",High,High
7e2ddc4c-c07c-4163-bf48-2b7c45f7b7fb,NANA,High,High
a07320a4-afcd-413a-a451-d69a448d0c28,Usogui,High,High
8ef11280-30bc-434b-bf61-c61e092905ac,Class de 2-banme ni Kawaii Onnanoko to Tomodachi ni Natta,Very High,High
319df2e2-e6a6-4e3a-a31c-68539c140a84,Slam Dunk!,High,High
3bb0279f-a01d-4aa4-93e4-305800f4b83e,Akatsuki no Yona,High,High
cedc7401-8c70-4057-b14a-4ecbbcd73945,Otoyomegatari,High,High
d7037b2a-874a-4360-8a7b-07f2899152fd,Mairimashita! Iruma-kun,Very High,High
d9e30523-9d65-469e-92a2-302995770950,Monster,High,High
69060a67-1d4e-4110-9d29-838bfd99917f,Yagate Kimi ni Naru,High,High
d8dcbff1-a8b6-4fcf-88de-3977aa5cef33,"Bungou Stray Dogs: Dazai, Chuuya, Juugosai",Medium,Medium
7e544761-7d3d-4fce-8137-719814d7d138,Eleceed,High,High
244c9d4f-e5fb-4590-9b96-4da191977b33,Skip to Loafer,High,High
67e7453b-9ee5-4ae5-9316-215b03e4a71d,Tongari Boushi no Atelier,High,High
8847f905-550d-4fe6-bcda-ac2b896789c7,Golden Kamuy,High,High
38f386ce-f2dc-4f2b-99f9-522eab56078d,Webtoon Character Na Kang Lim,High,High
ae163fec-29d0-42f9-9fac-b751fc0f9035,The Disastrous Life of Saiki K.,High,High
d0f286ac-9ecf-4472-a3d7-1009eb0199e2,Hirano to Kagiura,High,High
67bd081f-1c40-4ae2-95a2-6af29de4fc01,The Horizon,High,High
8f8b7cb0-7109-46e8-b12c-0448a6453dfa,Haikyu!!,High,High
62b74aa6-24df-4b91-b76d-39e7ab3c3ca5,REAL,High,High
0c44cf39-3d6c-4472-815b-9e163613cfe9,Kimi ga Shinu made Koi o Shitai,High,High
829fc3a7-d4f4-42e9-9032-0917083f9e0d,Nán Hào Shàng Fēng,High,High
af0527c1-8734-4498-b128-7090340bc10d,Dragon Ball (Official Colored),Medium,High
dd8a907a-3850-4f95-ba03-ba201a8399e3,Fullmetal Alchemist,High,High
5209fe10-4a14-403f-8837-2ccf8cced253,The Fable,High,High
52ab10b8-d539-4839-9b31-7937fb08c813,Na neun Amy reul Saranghae,High,High
9e954c6b-7a02-4fd7-986d-6331c0ba95d4,Hikaru Ga Shinda Natsu,High,High
2fec6641-beb1-4ae9-a32f-204dd06688ac,Otonari no Tenshi-sama ni Itsunomanika Dame Ningen ni Sareteita Ken,High,High
e05dd982-6d09-4f3d-8e8e-6c9ae65b5857,Usuzumi no Hate,High,High
b700777b-b007-436a-8830-951cd5e1df97,Phantom Busters,High,High
f8e294c0-7c11-4c66-bdd7-4e25df52bf69,Blue Period,High,High
37f5cce0-8070-4ada-96e5-fa24b1bd4ff9,Kaguya-sama: Love Is War,Very High,High
0a4bdf95-dc11-4011-937e-7bdc4dd6e786,Mayonaka Heart Tune,High,High
b8faa8ab-cb4e-416f-829d-d2a6042ba5ac,Ikoku Nikki,High,High
fe18fe91-fa82-441c-9d87-66414d59a622,Exhibition Catalog INOUENO: Mangetsu Edition,Medium,High
d773c8be-8e82-4ff1-a4e9-46171395319b,Youjo Senki,High,High
c4ca02fb-8378-433b-8049-fbbea5d25cba,Haimiya-senpai wa Kowakute Kawaii,Very High,High
4301d363-ee02-43f4-ae24-4cbf29a74830,Oyasumi Punpun,High,High
99af94f5-04c2-424b-8438-0c8386b0ec5f,Kimi wa Houkago Insomnia,High,High
82148d28-92b9-4f02-9996-07b4017d2be7,The Wind Spell,Medium,Medium
6e3553b9-ddb5-4d37-b7a3-99998044774e,ReLIFE,High,High
0ca1627e-95dd-4118-892a-f144adf02256,March Comes in Like a Lion,High,High
9a414441-bbad-43f1-a3a7-dc262ca790a3,Jeonjijeok Dokja Sijeom,Very High,High
a460ab18-22c1-47eb-a08a-9ee85fe37ec8,Bleach (Official Colored),High,High
df2734ee-df2e-453f-966a-4bca48bd922a,Anata no Yami Tracen Gakuen,Medium,Medium
f7b62193-bdfb-4953-a6c6-0bd1b9a872f9,Sensou Kyoushitsu,High,High
80422e14-b9ad-4fda-970f-de370d5fa4e5,Made in Abyss,High,High
68112dc1-2b80-4f20-beb8-2f2a8716a430,Dandadan,Very High,High
b129c748-5fb9-4fce-aa3d-f6a016a4fe6b,Chiikawa: Nanka Chiisakute Kawaii Yatsu,Medium,High
11bfa371-f53f-42b7-8213-94b1323b02b6,Yubisaki to Renren,High,High
5896e05d-3900-4947-baf8-403a9d8fa5ec,Nick & Lever,Medium,High
f5bf9cc3-d003-47fe-bc76-99774b2a0562,Nichijou,High,High
87ebd557-8394-4f16-8afe-a8644e555ddc,Hirayasumi,High,High
e939aa14-37e7-4fd1-9923-ddad014c5c1e,Kentaro Miura Memorial Manga,Medium,Medium
f4ad14b4-64d9-470f-9b4c-0fab84f0d507,Moriagaranai Date,High,High
9b96ec17-deb7-402b-b822-ae40e03533db,Gakuen Babysitters,High,High
f65444dc-3694-4e31-a166-8afb2938ed55,Gintama,High,High
2a6d6ea2-18a5-4a31-9777-f4bb5bd32726,Xiǎo Mógū,Medium,High
e896c48c-3150-437d-ba57-d8567eb399ae,Chainsaw Man (Official Colored),High,High
4bde51e5-e420-45a4-98e9-7405bf2d59ff,Koe no Katachi,High,High
ed5dddc0-999d-4fd2-a702-9fef1ec2c955,Ao no Hako,High,High
569963c5-6b0b-4f92-b561-e1304b78b0dc,Bungou Stray Dogs: Wan!,Medium,High
28b5d037-175d-4119-96f8-e860e408ebe9,Shimeji Simulation,High,High
736a2bf0-f875-4b52-a7b4-e8c40505b68a,Mob Psycho 100,High,High
b667c34c-358b-4252-b932-b5b935d6cc82,Convict Colosseum,Medium,Medium
b7d069cb-4ab9-4c21-a20b-38f7c269be4e,One Punch-Man (Webcomic),High,High
6cc85df7-e44b-4fa1-97f2-be04430cc570,Hakanai Kimi wa Moukou wo Hajimeru,High,High
fb09a201-eaec-4acb-bdff-2f010e8482db,"Mata, Onaji Yume wo Miteita",Medium,High
6a8a10f6-b56e-47b4-8a36-951bec3900f0,My New Girlfriend Is Not Human?,Very High,High
baa95345-24fb-47a9-83e9-434ff671f968,Suupaa no Ura de Yani Suu Futari,Very High,High
334019e1-18bb-4ac0-b35c-0e8efb1e481c,JoJo no Kimyou na Bouken Dai-9-bu: The JOJOLands Color-ban,Medium,High
c5bd7460-644e-40c6-aa66-40d1efaddb58,Zatch Bell! 2,High,High
3df1a9a3-a1be-47a3-9e90-9b3e55b1d0ac,Boku no Kokoro no Yabai Yatsu,Very High,High
9203cc8e-91c0-49ff-96f6-d39994115c0d,I'm Gonna Fix that Girl (Emergence Alternate Ending),Low,Medium
4141c5dc-c525-4df5-afd7-cc7d192a832f,Blue Lock,Very High,High
1e84acd4-6e94-4b24-81a4-db236840d578,Kimi no Suizou wo Tabetai,High,High
9e07e15f-4c60-4a45-86ab-45cae8c38b64,Machida-kun's World,High,High
34f45c13-2b78-4900-8af2-d0bb551101f4,Dorohedoro,High,High
05e7e729-2403-4bdd-965a-bde4de9e8484,Sideun Kkot e Nunmureul,High,High
936f0ba5-ca65-4de4-99b1-528c02a4454d,Hunter x Hunter (Official Colored),Medium,High
f89ed57a-e4c0-48f5-b664-8ef88aa87fd9,Ibeon Saengeun Gajuga Doegetseumnida,High,High
a3f91d0b-02f5-4a3d-a2d0-f0bde7152370,1-nichigo ni Shinu Gorilla,Medium,Medium
bc634b22-0c05-4a55-9b7e-3f55438a1ad3,Gekkan Shoujo Nozaki-kun,High,High
02860cdf-1020-40f1-a23f-2025d80f6290,GTO: Great Teacher Onizuka,High,High
d104c1c3-5d20-484d-9f36-24f149a6c889,Chiikawa: Nanka Chiisakute Kawaii Yatsu (Webcomic Pages),Medium,High
9356fa3f-9ecd-4ff7-a7fe-241884680079,Skip Beat!,High,High
6d6d9fda-5cd3-40ac-948b-776b1a1a0eb1,Suki na Ko ga Megane wo Wasureta,High,High
a812160f-9242-48cb-b0b9-0119841e646b,Geunyeo ui Simcheong,High,High
d9f7540f-4934-446a-923c-81619b5d3b53,Oh! Dangun,High,High
9ed16bc9-f570-4e71-8dda-aebc098b683b,The Legend of the Northern Blade,High,High
733fc3ac-deca-444e-bb79-14186e00ccf1,Shadows House (Official Colored),High,High
bc1d5980-e4bc-454d-be44-8ce4f2072f04,1-nen de 1-page dake Susumu Manga no Sekai,High,Medium
50df75f2-22c5-46c3-9212-8f5997940c99,Fight Class 3 (Webtoon Version),Medium,High
dee582b2-2633-4287-86c5-e7a9e51e8bba,Yuusha Goikkou no Kaerimichi,High,Medium
a4304d3b-191d-471f-8c78-353d403a35d0,Sengoku Komachi Kuroutan,High,High
5ca26e13-c7d4-46de-a035-90c9bc52e06d,Byeorisamsyap,Medium,High
2e2a0b88-32f9-4f59-a46c-f71066e4bcbd,Aoi no Heya ni Mata Haru ga Kita,Medium,High
a2c1d849-af05-4bbc-b2a7-866ebb10331f,One Piece (Official Colored),High,High
32d76d19-8a05-4db0-9fc2-e0b0648fe9d0,Na Honjaman Level-Up,Very High,High
d58abdf4-9268-41d8-9920-f8fe8858a173,Shiori Experience: Jimi na Watashi to Hen na Ojisan,High,High
778b8438-af3a-4534-841c-adf923b55ee1,Uma Musume - Pretty Derby: Star Blossom,Medium,High
7f30dfc3-0b80-4dcc-a3b9-0cd746fac005,Meitantei Conan,High,High
efb4278c-a761-406b-9d69-19603c5e4c8b,Kimi no Koto ga Dai Dai Dai Dai Daisuki na 100-nin no Kanojo,Very High,High
8b34f37a-0181-4f0b-8ce3-01217e9a602c,"Qǐng Qīfu Wǒ ba, Èyì Xiǎojiě!",High,High
d8f7ffd5-8ad8-4d17-a40c-12fe7e032674,Kamisama Hajimemashita,High,High
df3f7834-a65b-4d2c-9388-045c9ec03a35,Lord of Mysteries (Remake),Medium,High
d8a959f7-648e-4c8d-8f23-f1f3f8e129f3,One Punch-Man,Very High,High
418be4a0-a376-4a7e-aa34-51576b2e6fa7,Nigoru Hitomi de Nani wo Negau - Highserk Senki,High,High
af96ad04-08d2-4aff-ba50-6794e06c8404,Norigam,High,High
50eda248-d8a6-4a49-9af2-f4feab4b082c,Daisuki na Tsuma Datta,High,Medium
56901ae8-aece-4983-96c3-94751c96a8bb,Bocchi the Rock! Gaiden - Hiroi Kikuri no Fukazake Nikki,High,High
a3d681d7-a239-45a9-8446-5bfc61ca48fa,"Wake Up, Sleeping Beauty",Medium,High
66f311b9-96e8-4645-9e20-cdf72a4c7df9,Love by Mistake,Medium,High
2c2a45bc-42c8-4d62-995c-bd5523642ba8,Shimanami Tasogare,High,High
5b2c7a03-ca53-43f0-abc8-031c0c136ae6,Wonder Cat Kyuu-chan,High,Medium
322f11ba-7a9d-4a57-83f5-924b8f6319d6,Tiānguān Cìfú,High,High
a71e9594-6269-447f-99fa-3d4c8e1fff6f,Hakumei to Mikochi,High,High
4ada20eb-085a-491a-8c49-477ab42014d7,The Beginning After the End,High,High
6670ee28-f26d-4b61-b49c-d71149cd5a6e,Mieruko-chan,Very High,High
59ef045c-0712-4f15-bb54-52bffd87481b,hitoner,High,High
224b28bf-4763-4430-a4c1-ec124d283836,#Gyaru to Gyaru no Yuri,High,High
7bb7e5ae-a784-4009-98b2-8ad4a7541548,Diamond no Ace: Act II,High,High
b982aa9c-17eb-415d-bcf8-a92f7daf0ae4,Delicious in Dungeon World Guide: The Adventurer's Bible,Medium,High
1fc3d326-c037-43fa-8953-ed52a56caa18,Osoraku Kanojo wa Ore no Aniki o Neratteru,Very High,High
e1b7fb5c-dc71-4727-8086-5d89e144091f,Angel Densetsu,High,High
2c3cd370-04bd-4994-87dc-e54a4d80c4ec,Natsume Yuujinchou,Medium,High
e78a489b-6632-4d61-b00b-5206f5b8b22b,Tensei Shitara Slime datta Ken,Very High,High
1a69d1cc-b060-4f35-8778-4621424fe5f4,Yokohama Kaidashi Kikou,High,High
62608082-d81d-4513-af7d-ae3ffe2423d2,Maiko-san Chi no Makanai-san,High,High
29ab6984-7c1d-4d45-b925-25aa082b492e,"Shangri-La Frontier ~Kusoge Hunter, Kami-gee ni Idoman to su~",High,High
4738c7aa-257f-48df-b06d-520f27b3ec9b,Devil May Cry 5 – Visions of V –,Medium,High
8cc979c5-9c2d-4c16-9e83-e0a30dbcc6c7,A Man and His Cat,High,High
3e7a601b-1040-4473-b590-ca27ed8cff8c,Hunter neun Joyonghi Salgo Sipda,High,High
ad06790a-01e3-400c-a449-0ec152d6756a,20th Century Boys,High,High
a5d3c8e2-70dc-4108-afb5-08be57803a60,Maou no Musume wa Yasashi Sugiru!!,High,High
8280b28c-aeff-4f89-ac99-a4c783e14782,"Tensei Shite High Elf ni Narimashitaga, Slow Life wa 120-nen de Akimashita - Highelf with a Long Life",High,High
c6284a2f-3378-4948-b368-02053fb3c942,Hokuo Kizoku to Moukinzuma no Yukiguni Karigurashi,High,High
95543d8f-05ba-4345-8800-bc75f4a3ed78,Chichi to Hige-Gorilla to Watashi,Medium,High
7f15e45c-b7fd-4164-8d8e-ede14a817f0d,Academy eseo Saranamgi,High,High
efebd0bc-eb88-477c-bcc3-90413395a2a3,Roxana,High,High
c086153a-0162-412a-9914-a7b2633d0cd3,JoJo no Kimyou na Bouken: Part 8 - JoJolion,High,High
4a044644-902f-482b-9737-f018c6f6c1a7,Belladonna no Koibito,Medium,Medium
d1a3a8a0-a2e8-484a-9f06-dbe146b53e26,"Watashi-tachi ga Watanare Doujinshi Tsukuru Wakenai jan, Murimuri!! (※Muri ja Nakatta!?)",Medium,Medium
14569f2f-f66a-4c67-ac7f-a37823a0fa23,Agyeogui Ending Jugeumppun,Very High,High
1f40b922-6abb-418e-a7e9-cc4d25b21439,Saihate no Paladin,Very High,High
48863213-086b-4dfb-8103-8e279b8e5f5d,"Watashi wo Tabetai, Hitodenashi",High,High
039d717e-9690-47fd-944d-93161b97fbac,Given,High,High
c1c408f6-3dec-4d62-b6b3-b57e615d933c,Wind Breaker,High,High
3c0dddc9-d6da-4aa5-8ed2-12d26a6b08d4,Gokugoku Futsuu no Fuufu no Hanashi,High,High
6d20e6a3-b68b-4615-a67e-9dca97ac8acd,Heretic Slayer Series,High,High
f7f430ab-2c24-49d3-b698-c9ff4787805b,Flying Witch,High,High
661a792b-6729-4f54-af20-4108db55ccf4,Ouran High School Host Club,High,High
61830b36-1712-4b7b-9421-f671e9ced6d3,Tonari no Neko to Koi Shirazu,High,High
6e52262f-bcd5-49c4-b93a-f4652d189844,Módào Zǔshī,High,High
8a3d319d-2d10-4364-928c-0f30fd367c24,Hinamatsuri,High,High
d09c8abd-24ec-41de-ac8b-b6381a2f3a63,Telework Yotabanashi,High,High
3e11f43e-3d91-47c8-a2ad-e2f23d36ad4c,Mimi,High,High
1d9fad4e-b81a-4498-8cce-e5ddfb1e4f03,Moriarty the Patriot,High,High
0a580438-bc72-4503-940b-12a5da881b56,Kimi wa Yotsuba no Clover,High,High
0f4e9922-e84f-46f2-958b-e34a4e27a4a8,Uruwashi no Yoi no Tsuki,High,High
0976963e-c0b4-4bdc-abde-831e9cb29cc2,Damedol to Sekai ni 1-nin dake no Fan,High,High
4cf9b503-439a-48f7-9fc5-21831087a421,BECK,High,High
c9926df8-a200-40ba-8c05-0f5b375180c9,Sayonara Eri,High,Medium
65edff57-699d-4ce2-a068-7d3ad0398855,Oneul ui Hanyoil eun Yeojada,High,High
fb1d3464-4160-4339-8a80-dafd86eae398,D-Frag!,High,High
d4ff7502-b5d4-4fd2-845f-c8754b14dd8d,Machikado Mazoku,High,High
4902975b-ddec-4c34-880c-2ecd3434c94b,Dekai Hachi no Hanashi,Medium,High
de900fd3-c94c-4148-bbcb-ca56eaeb57a4,Ookami to Koushinryou,High,High
e1b08943-1195-4eab-85a4-a7bfc0766eed,Kataude no Amy,Medium,Medium
af66b380-623e-4dfc-9fbb-8ca093b9d5a9,Asumi-chan wa Les Fuuzoku ni Kyoumi ga Arimasu!,High,High
63e54dfd-f7a9-473e-a591-28558e229c5b,Zatch Bell!!,Medium,High
ba7908db-5c9e-4f78-9fc1-3b3581f752e9,Look Back,High,Medium
1bad66ee-4857-433e-a075-704d93672341,Boku dake ga Shitterun daze,High,High
6b958848-c885-4735-9201-12ee77abcb3c,SPY×FAMILY,Very High,High
ccc174c5-715c-446e-b115-41ae79e1f268,Tourigakari ni Wanpointo Adobaisu Shite Iku Taipu no Yankii,High,High
127d4af7-4062-45ec-afb7-b8cf33deb3db,Welcome to the Ballroom,High,High
1ee97895-4796-4bcf-bcd1-5ef99c011f8b,Yuru Camp△,High,High
ef96c21c-6838-43d1-9b6e-cb30546bba8c,Spirit Circle,High,High
0d63b6f1-03b2-4f04-827c-8b2995026cf8,Namju ui Ibyangttal i Doeeotseumnida,High,High
eb211cad-7fdf-4215-8ea1-5c37a188ce35,Childhood Friend Complex,High,Medium
a25e46ec-30f7-4db6-89df-cacbc1d9a900,Horimiya,Very High,High
25e1d17b-6a4d-4698-a4f6-bf53460c10af,Futari Bus,High,High
b2ca4e0e-a7d7-4c98-bfa3-c771c643bb68,"Doukyonin wa Hiza, Tokidoki, Atama no Ue.",High,High
192aa767-2479-42c1-9780-8d65a2efd36a,Gachiakuta,High,High
832a84fc-5644-40d3-94db-d9b23bda1173,Stargazing Dog,Medium,Medium
a3e48f50-d3d1-4d08-b54a-a3b7ad4b0801,Yaiteru Futari,High,High
21f54bc1-aefd-4be1-8284-5858b1df0e55,Initial D,Medium,High
1090afe3-3b91-4325-a9b4-d92875aa815e,BLUE GIANT,Medium,High
4e7a7758-40a9-47e6-9b0c-2acb2804900c,Bring the Love,High,High
9f73124c-ecfa-49f7-b4e4-0c699cc65957,Jishou Akuyaku Reijou na Tsuma no Kansatsu Kiroku,High,High
ce6ae4bc-aab9-43b6-a11a-f79aeb4bf548,Night Patrol Teacher,Medium,Medium
4a973243-952e-44d7-a50f-883b4b7c9cc2,SSS-geup Jugeoya Saneun Hunter,High,High
1bc97ccd-1e56-4570-a399-162d08414f66,UmaYome Uma X Tore♂ Kekkon Seikatsu Goudou,Medium,Medium
ffd3aad0-7dcc-47ff-bb36-caa0b9409a2b,Gohan no Otomo,Medium,Medium
0c9e19cd-86cb-490c-93e9-955af41746ca,Nausicaä of the Valley of the Wind,Medium,High
4ee5e960-6329-4e1d-b038-93e8e0d53589,Ashita no Joe,Medium,High
73886188-f459-4b80-8781-66a60520b420,Eotteon Gyemo-nim ui Märchen,High,High
10a4985d-0713-462e-a9d6-767bf91e4fd7,Helck,High,High
107be290-6a4b-4974-a9c5-3761a2514823,Azumanga Daioh (2009 Print),Medium,High
a77742b1-befd-49a4-bff5-1ad4e6b0ef7b,Chainsaw Man,Very High,High
ee96e2b7-9af2-4864-9656-649f4d3b6fec,Otaku ni Yasashii Gal wa Inai!?,High,High
141609b6-cf86-4266-904c-6648f389cdc9,Ruri Dragon,High,High
0f19ed5a-e496-4416-8d4d-86d338655156,Ri-chan,High,High
510f29a8-99b4-46af-ba5e-916e96bc6f37,Fate/type Redline,High,High
58167656-a065-4b49-b499-bd73d00555d5,Pick Me Up,High,High
89daf9dc-075a-4aa5-873a-cc76bb287108,Gokushufudou,Very High,High
d64b0768-bebe-433c-b923-99870503c0a3,Dark Gathering,High,High
f461e344-2385-46b5-83b8-8776f5ea65d0,The Top Dungeon Farmer,High,High
8c21fe3b-4fe6-4f11-b51b-ced00d8aec60,Aekanaru,High,High
c02343b3-74e4-4057-b34a-90e08d93f95a,Gochuumon wa Usagi desu ka?,Medium,High
33a103ce-d6c4-4da8-af5a-42f80ae4fe41,Yugami-kun ni wa Tomodachi ga Inai,High,High
bc41ee4b-9a40-402b-babd-55c230094325,Touge Oni,High,High
f6af213d-a0ce-4925-8026-698f68d1402a,Zense Coupling,High,High
722a45c0-5e55-40f2-929b-ff69b0989edb,Who Made Me a Princess,High,High
1b920c57-b359-422c-8d6d-1022c79cc8bb,Gaikotsu to Koi wa Dekiru no ka?,High,High
195023bf-cf9a-4772-94ef-09dd6eddea84,The Ancient Magus' Bride,High,High
3215fb61-811d-4fa2-8cee-97214058b52d,Blue Archive - 1 Hoshino a Day (Doujinshi),Medium,Medium
220282a9-a2ff-4a6b-9bed-f4a9da24c661,Maybe Meant to Be,High,High
3ddfe740-8b05-4ac4-be90-9f1e5b8fe1ea,"Nee Nee, Nene-san.",Medium,Medium
13d2856e-9163-43a1-86f9-cd66d41db09b,Isekai Samurai,High,High
381b0e7e-ac7d-48bf-8379-9566cefe6747,Your Eyes Only,Medium,Medium
ece511da-3461-421a-8275-7af48a642aa5,Bocchi Kaibutsu to Moumoku Shoujo,High,High
1d25919b-e677-45c1-a64d-e40c2ea14fd5,Tonari no Seki no Yatsu ga Souiu Me de Mitekuru,High,High
25aaabb1-9f74-4469-a8d6-1eac5924cc79,Pandora Hearts,High,High
9ed6af6f-6b27-4162-90fd-f1938927ecb6,Dungeon Crawler: Our Failing Marriage,Medium,High
0771c4e7-60f3-4fb5-8708-d779f0a0e023,Mushishi,Medium,High
b84a9c69-624b-4c4f-ac57-8d9a162883f1,Ponkotsu Ponko,High,High
9e76dadd-e0c6-452a-9f7d-b9f2ae85bc35,Koroshiya no Oshi,High,High
553d4b8f-9ab9-4711-8ed2-ef337d8e7923,Wandance,High,High
acdbf57f-bf54-41b4-8d92-b3f3d14c852e,Aishiteru Game o Owarasetai,High,High
e9b1d4ba-b8fb-48c3-8d52-5a4eefd05980,Fruits Basket,High,High
5ec0922a-4869-4e6b-a154-2307945cc406,Genkai OL-san wa Akuyaku Reijou-sama ni Tsukaetai,High,High
96ae166c-d8e1-4e9e-88cb-805b65154d7e,Red Blue,High,High
da6cbb8a-2df2-4fd6-bfca-766e0ea2d860,Classmate,Medium,Medium
f5ac1129-901d-4fe7-9fbc-cfc3cab5d86d,Bride of Ignat,Medium,High
36bad9cb-6310-4048-a48e-a1ab7b7dcb3e,Èmó X Tiānshǐ Bù Néng Yǒuhǎo Xiāngchǔ,High,High
a21eab2d-781d-40b2-a666-7b2d72551927,Akunin-zura Shita B-kyuu Boukensha: Shujinkou to Sono Osananajimi-tachi no Papa ni Naru,High,High
9b9fa0db-d4e6-47c4-8687-f769cc053453,Nitamono Doushi,High,Medium
dc90853b-a3e6-4d5b-8b47-1fa15aa15923,19 Tian,High,High
e1d8b192-fa28-4651-bdaf-d4e0d4418ea8,Vanitas no Carte,High,High
50cb0480-1baf-4c63-b8c4-0145d1f1cd5e,Koko wa Ima kara Rinri desu.,High,High
d21fcf09-3de1-45f1-9846-c1d8bbbe70ee,Tiger Coming in,Medium,High
98467236-8e2b-4f3d-ae7d-20ef4a84417a,Goukon ni Ittara Onna ga Inakatta Hanashi,High,High
9ecd208c-c592-4462-9f57-4d7d4a9f956f,Iphak Yongbyeong,High,High
b15c0c79-2ce9-4913-8386-262cfe80adff,Oyasumi Nini-chan,Low,Medium
77bee52c-d2d6-44ad-a33a-1734c1fe696a,Kage no Jitsuryokusha ni Naritakute!,Very High,High
33d1ba42-be1f-4a99-9943-aa8da1a02bdf,Here U Are,High,High
40bc649f-7b49-4645-859e-6cd94136e722,Dragon Ball,High,High
6f2b317e-17ff-491a-8f61-e6e591ae2df2,Akanabe-sensei wa Tereshirazu,High,High
7c0dbcc2-f990-4d15-b084-4853050f02d3,After-school Hanako-kun,Medium,High
cbf174ca-af25-4410-82fa-498a6df9ad3c,BE BLUES ~Ao ni Nare~,Medium,High
7b88e8d3-d2a9-4fe8-be55-44ccfbd8f700,Onanie Master Kurosawa,High,High
c52565c9-d99a-4380-9dc8-67369d448eb7,Mahou Shoujo Madoka☆Magica,Medium,High
49650a04-d0d7-4526-b460-8203ae223586,Fight Class 3,High,High
52fd5981-9010-402b-8745-b4b13cd7c6f1,hitoner (Pre-Serialization),Medium,Medium
04f2b88a-e167-410e-ac38-4fd4777f4e0f,Soulmate,High,High
643561e6-5c27-4382-95d3-8e84894a3fb6,Yamada-kun to Lv999 no Koi wo Suru,High,High
e171c073-4415-499b-85bc-ea93825127ac,Pluto,High,High
f8c3f18c-d75b-4750-86f3-bbbc75fd2ea2,Jinrui wo Metsubou Sasete wa Ikemasen,High,High
a990c2a1-b54f-4f4f-986c-3cdab1c9f2f9,Jitsu wa Watashi wa,High,High
40efa78d-d27a-4364-92ac-6d7af69a851b,The Boxer,High,High
ca702a1d-f7ef-43b7-baa0-e323dda4f6de,Baeu roseo Salgetda,Medium,Medium
a944aace-6f03-4298-b864-aee895acab28,Tsundere Akuyaku Reijou Liselotte to Jikkyou no Endo-kun to Kaisetsu no Kobayashi-san,High,High
3fbeec9f-9c47-4565-8f79-972807c99279,Sengoku Youko,High,High
fbf326f7-ccbd-4d54-bbad-852d76e46523,Cheolhyeolgeomga Sanyanggaeui Hoegwi,High,High
e97fdc93-21ec-47e0-b676-e45d67068932,Ase to Sekken,High,High
005b7e3c-2927-45ae-87db-bb3aa04c65e0,Mage & Demon Queen,High,High
e5357466-c8a2-4259-9b02-2580185bd2bb,Billy Bat,High,High
52d4ad1e-d02c-4fef-81d6-1e758e699d31,Hatarakanai Futari,High,High
a31e2583-0a30-47ca-8254-269a43262415,Fluttering Feelings,Medium,High
52ce8aca-97b5-4f42-854b-0c386dea0746,Wakeari Shinrei Mansion,High,High
aaedcbda-ea61-4e7b-8143-7a475f327fbf,Neon Genesis Evangelion,High,High
885bed69-7d08-47a8-b25c-a37759c97c5f,Kengan Ashura,High,High
0e8fac17-979e-4e37-8f45-2c334b25d6dd,Sasayaku You ni Koi wo Utau,High,High
b461d615-1bed-4dea-b1fb-99d862c98ea6,Shokuba to Jitaku de Gap no Aru Papa,High,High
b093bc50-be43-470c-8594-d79ab9fa5b90,Youkai Gakkou no Sensei Hajimemashita!,Medium,High
e4121f7e-41c1-448f-98df-a019d764c17a,Reiwa no Dara-san,High,High
04c892b3-a202-46f5-ad11-0d433e712ab8,"Mikadono Sanshimai wa Angai, Choroi.",High,High
6a1d1cb1-ecd5-40d9-89ff-9d88e40b136b,Toukyou Ghoul,High,High
d7d5f269-6969-4f86-af89-ee57a6180f36,Chihayafuru,High,Medium
2b22a9ca-7620-4826-aff4-c8c91129dc61,Idolatry,Medium,High
feff4eaf-01df-4a05-83f4-68bb5cdf4fad,Mahou Shoujo ni Akogarete,Very High,High
858e2de7-afba-4096-9aa7-1fccac0119c9,Dig It,Medium,Medium
188e4f34-a80c-4a91-b54e-69572e8ed4d5,Shiro Seijo to Kuro Bokushi,High,High
3ddd480b-c2ad-4a1e-be79-7105c7df0d47,After School Lessons for Unripe Apples,Medium,High
3bcc56f0-1b71-4542-b7b1-74db4fab2d72,Koisuru (Otome) no Tsukurikata,High,High
b3b6fa42-08df-4663-b827-caaa49c7ccbf,Kimi ni Todoke,High,Medium
d0f9e331-e022-4b49-8399-e14091d8b703,Tīng Xīng,High,High
32f887f1-824f-4dbc-8e15-70a5b0b8112a,Qīn'ài De Sǐduìtóu,High,High
fb18b185-ed42-4d37-a99a-b16631ec0c44,Ouji-sama Nante Iranai,High,High
aa6c76f7-5f5f-46b6-a800-911145f81b9b,Sono Bisque Doll wa Koi o Suru,Very High,High
04b6cb84-d641-490a-8141-5426b15cecb9,Blank Canvas: My So-Called Artist's Journey,Medium,High
34b14264-f96b-422b-8244-0329a895df90,Yakuza Fiancé: Raise wa Tanin ga Ii,High,High
3f1453fb-9dac-4aca-a2ea-69613856c952,Tāmen De Gùshì,High,High
d1c0d3f9-f359-467c-8474-0b2ea8e06f3d,Bocchi-sensei! Teach me MangaDex! [OBSOLETE],High,Medium
62040a44-0935-46b7-a691-5ae5833af0ae,Demon Slayer: Kimetsu no Yaiba (Official Colored),High,High
7e64a45c-c6b2-4983-9694-7d13509a5751,Henkyou no Roukishi - Bard Loen,High,High
cf923481-1e96-4959-b3c1-9518718a4cc2,Ore no Kokan wa Bishoujo Datta no ka,High,High
b753dae4-5c05-4a3a-aa03-70aa94da90ec,Debut or Die!,Medium,High
60e6eb5e-6798-4614-928f-064e65aabe16,Jishou Akuyaku Reijou na Kon'yakusha no Kansatsu Kiroku.,High,High
01e360bc-22da-4e86-bbb7-3ae1091a223b,Kaiten no Albus,High,High
28567105-e14a-49af-92c1-d3196dc6b446,See You in My 19th Life,High,High
514f1a94-b09f-4331-8cf9-0f01d06d3b80,Oneul man Saneun Gisa,Medium,Medium
944f8f69-9a9c-4678-9e0d-c8202de70cb3,Mr. Villain's Day Off,High,High
9fce5b8e-facf-4ef2-a703-553ec2931065,Holyland,High,High
f42f3212-f2fd-4479-9d82-b9c55eaec820,Taishou Otome Otogibanashi,High,High
ee46432c-43a8-482e-aa21-1cf1993925ba,Kimi wa Uma Musume IF Uma Musume ni Natte Shimatta Trainer no Hanashi,Medium,Medium
6fe56296-e980-4321-8a7b-bc8b4e2750c8,Ookami no Kawa wo Kabutta Hitsujihime,High,High
4a251ad9-abfe-456e-9b3b-5f68725d32ad,Hyouka,High,High
be314f77-95d8-4722-8369-7ae6cb1a536b,Muryoku Seijo to Munou Oujo ~Maryoku Zero de Shoukansareta Seijo no Isekai Kyuukokuki~,High,High
e17b93a0-7659-4611-8feb-6dbae973a59d,A Story Concerning Sweets,Medium,Medium
ed996855-70de-449f-bba2-e8e24224c14d,Onii-chan wa Oshimai!,High,High
3316f5cb-c828-4ad4-b350-5bb474da9542,Gin no Saji,High,High
b05918e4-fb1a-4b10-a919-eaecf00fd7dd,Tower Dungeon,High,High
183b5c1e-5bfd-4f7f-9b21-3ac88c584987,Chi. Chikyuu no Undou ni Tsuite,Medium,High
8c1d7d0c-e0b7-4170-941d-29f652c3c19d,Kusuriya no Hitorigoto: Maomao no Koukyuu Nazotoki Techou,High,High
6e445564-d9a8-4862-bff1-f4d6be6dba2c,Karakai Jouzu no Takagi-san,High,High
73965527-b393-4f65-9bc3-2439ec44935a,Guānyú Bèi Bānshang Lǜchá Wēixié Nà Jiàn Shì,High,High
abe0bb3b-a05e-4602-aa4f-578e0b962cf9,Byeol eul Pumeun Swordmaster,High,High
6b17751a-f0e2-46a2-9c39-8cae0cb69d39,Nyako to Hakase,Medium,Medium
37cfa7cf-2724-438d-aaf5-499bb42389a6,Given: 10th Mix,Medium,Medium
9dc08c5f-be0e-4fd3-800e-75a45321dcdf,A Day With Rinko-chan,High,Medium
a892e04c-e20c-4fd3-9169-d620cee8dbd4,Batsuichi de Nakimushi na Otonarisan,High,High
a840d47c-4080-4783-9c42-af8100e48079,Tsuredure Children,High,High
c53caf9a-95b6-4400-b41b-d1b09167ef7a,Kaii-san and I,High,High
819238d7-f4aa-4ba3-9a79-a695dc62200b,Byeoljeongjik Gongmuwon,Medium,Medium
259dfd8a-f06a-4825-8fa6-a2dcd7274230,Yofukashi no Uta,Very High,High
99e883fd-04f6-449b-ab23-1d904695d272,Blue Archive: Game Kaihatsu-bu Daibouken!,Medium,High
23f2ab6b-0832-456b-9d87-35868ce34fc8,Jijyou wo Shiranai Tenkousei ga Guigui Kuru,High,High
a8075227-d85a-4a2c-a2a1-e21a78a3f593,Blue Archive - The Great Gehennian Floof War (Doujinshi),Medium,Medium
22dbd06d-8d3c-458e-895c-d726abd16dc0,Koiiro no Kyoukai,Medium,High
26e40241-4a4e-4d12-a04d-cb3f7f707100,Urasekai Picnic,High,High
a1ab18b2-8544-45d4-a35c-e06a5abafd7f,Trapped,Medium,High
b905f827-8d48-4948-b58c-0d6fd330d10d,BLAME!,High,High
b7af9467-a5d3-470a-86e9-b5ae4a82e0cd,JoJo no Kimyou na Bouken: Part 4 - Diamond wa Kudakenai Color-ban,High,High
39e55355-dfb4-44e9-bd0b-df1fc3a0e33e,Geunyeo ga Gongjagjeo lo Gaya Haessdeon Sajeong,High,High
8bd19e5c-94f7-4368-a918-50f463857446,Kuroshitsuji,High,High
6feb755d-34a4-4bd4-a642-652977db4552,Spy x Family - Anya and Damian (Doujinshi),Medium,Medium
f0f62b75-5989-4f32-9b59-ab56abe35fc1,Return of the Blossoming Blade,Medium,High
d5208b9d-5233-4672-bf5c-6e7d23767e37,J⇔M,High,High
30f3ac69-21b6-45ad-a110-d011b7aaadaa,Tonikaku Kawaii,High,High
b9c6525a-b113-49af-8251-bf12b9a0f67c,Kindan Shitei de Breakthrough ~Boy Meets Satan~,High,High
a8aabcc9-0531-4f32-b202-1589fbc5fde3,"Totsukuni no Shoujo - Siúil, a Rún",High,High
47ab4765-d03f-4f6f-ab61-044c66170f8e,Kkot eun Mikkiya,Medium,High
384308ae-cf17-490c-9a9e-8bb0db90c3e6,The Villain's Survival Route,High,High
0953cced-141c-490f-a5d2-a359587be7f1,Futari Ashita mo Sorenari ni,High,High
f30a2fd3-cf2c-4f77-9910-51a908459a82,Otome Game no Heroine de Saikyou Survival,High,High
c26269c7-0f5d-4966-8cd5-b79acb86fb7a,Sewayaki Kitsune no Senko-san,High,High
f110d48a-8461-428e-bbcb-5ae3c0d53d25,Mietemasu yo! Aizawa-san,High,High
94bfc769-f5e5-4f88-838c-4f69e7a663c2,Kuchi ga Saketemo Kimi Ni Wa,High,High
da25c95f-e062-48ea-b5a0-9b51aeeddc05,Zeikin de Katta Hon,High,High
ea889b36-7159-44d0-9eef-1dda6125828e,Yeon-u ui Sunjeong,High,Medium
eab876cc-a233-4d73-a6c3-a94e7baa70be,Your Lie in April,Medium,Medium
9ef97eba-e0bc-452c-9ed0-bfb645d9b536,Hitoribocchi no Marumaru Seikatsu,High,High
770c61b9-0ef2-460b-8c25-c10ab23349ce,Akebi-chan no Sailor Fuku,High,High
67e56a7a-c7ea-4db8-84f0-db19c2034729,Seasons of Blossom,High,High
1515d3bb-f8d3-4154-9423-e15f9e3088be,Fami-res Iko.,Medium,High
0d31587d-cec8-4bb6-89dd-cb0e4dde5b14,Umineko WHEN THEY CRY Episode 8: Twilight of the Golden Witch,Medium,High
c3678460-e2c8-4dc1-b7c9-7418bdec14bc,Mother's Contract Marriage,High,High
0550851a-961b-4b34-9684-4b2901e62079,Moto Azadarake no Kanojo ga Shinpai de,High,High
b6886009-e60b-44a7-abc2-a575765277ba,D.Gray-man,High,High
08e1f85a-bb12-4fe4-aec5-0d7a80b3a261,AnonBlack's Typesetting Guide,Medium,Medium
4febaf1e-924d-4d2a-a446-baa0bf52e8ef,Instant Regret,High,High
9f6ad04e-a9e9-4257-b7cf-dc10f8b99a5a,Monotone Blue,Medium,High
8aa1fb77-c86e-41db-adfb-0737c3438113,Watashi no Shiawase na Kekkon,High,High
ab30c57c-ce2e-4c3b-b2a4-fea7b2f02ca1,The Fable: The second contact,High,High
d7576e72-0301-4ed3-9137-722ed768bfda,Lonely Girl ni Sakaraenai,High,High
43541d36-7996-472b-aefb-72f640c29eda,The Girl I Like Forgot Her Glasses - Twitter Side Stories,Medium,High
e4573044-ca38-4b83-bcc5-9e3a7c0b764b,"Haikei, Arishi Hi ni Saku Hanatachi e",Medium,High
dd7632cf-1317-4878-8fd6-9a38fadad76a,"Starting Today, It's My Turn!!",Medium,High
d8adcc66-b2a3-4c0c-a8b4-c6f2f0538b90,Azumanga Daioh,Medium,Medium
de285fba-3f4d-4636-b526-b8f0b7ca3475,Boy meets Maria,High,High
8573d280-7f60-411d-b146-c97dca3c62f2,Osananananajimi,High,High
9f9fa579-6320-4d01-943b-5be5356e1995,Harten,High,High
ddcebfa2-05a0-4fcd-9cd4-60d779c38f2c,Karakai Jouzu no (Moto) Takagi-san,High,High
8572da1b-3b5d-44aa-a40c-8a92b512c336,Dungeon no Osananajimi,High,High
6da0b34b-db19-491a-b85c-6e31e0986f15,Black Lagoon,High,High
34e45b02-b5c8-4a4b-a21a-7b5059391dc8,Fumetsu no Anata e,High,High
cddd1849-ab36-4304-8103-06ba4062b5e6,Kubo-san wa Mob wo Yurusanai,Very High,High
866b3256-125d-4527-be9c-952cd7c89ea6,Zettai BL ni Naru Sekai vs. Zettai BL ni Naritakunai Otoko,High,Medium
30c8bf1c-9063-4a22-a845-e2cead50adea,Yume to Koi de wa Tsuriawanai,High,High
92d3e351-4802-4e74-bbc4-e771a977b572,Grace Gildeurigi,Medium,Medium
4abd394b-94d0-4779-b4cf-aaa0ad266c30,Tasogare Otome × Amnesia,High,High
b891b872-ee9c-4daf-a187-62fe7c777445,Colette wa Shinu Koto ni Shita,High,High
85b51b37-0ce6-4144-a19b-6b064bc2c2ae,Geu Angnyeo reul Josimhaseyo!,Very High,High
003ef8e4-0ae6-4dfe-8195-cd42a8cf37dc,High School Boy,High,Medium
7f366313-64da-4f0a-9beb-32c7c8074f50,On or Off,Medium,Medium
cfbc0260-e49e-411e-b046-a476c5c60bc5,Cat Massage Therapy,Medium,Medium
d5cdc845-fd5d-4497-a993-131d65e00e97,Agdangui Appaleul Kkosyeola,High,High
30460ee1-e7c1-4b1a-90a0-6861f9992c17,Eyeshield 21,Medium,Medium
2674b676-f69b-4fea-b5eb-d19803d41fce,Imaizumin-chi wa Douyara Gal no Tamariba ni Natteru Rashii ~DEEP~,High,High
94589231-4a4c-4fa2-a0fd-48e27ee61b63,Danshi Koukousei no Nichijou,Medium,Medium
1a667dd0-36bf-4c0f-82a2-1067ccdbe5c0,My Love Mix-Up!,Medium,High
e7dc94e5-8276-4fe9-929c-65fa62c42160,Harukaze no Étranger,Medium,Medium
17eebcc7-d993-446c-84be-c222bfb27794,Tensei Akuma no Saikyou Yuusha Ikusei Keikaku,High,High
8a2e20cc-bdc8-47f1-80fd-b6da4b2703df,My Life as an Internet Novel,High,High
da36a727-7686-4e92-8fac-94bc292b8e91,Toshokan no Daimajutsushi,High,High
07e2dbbd-a681-41d2-85e4-944735cc42e1,"Toumei na Yoru ni Kakeru Kimi to, Me ni Mienai Koi wo Shita.",Medium,Medium
f7b1ce54-67df-4e08-9e79-d7187faa3584,Toukyou 卍 Revengers: Baji Keisuke kara no Tegami,Medium,Medium
4a4d2e5f-c4f4-47e3-9725-133bd5869c05,"Love Comedy Manga ni Haitteshimatta node, Oshi no Make Heroine wo Zenryoku de Shiawase ni Suru",High,High
2574057b-7098-45b4-9614-16d1250e05fc,Kimi no Yoru ni Fureru,Medium,Medium
4a89da3a-ebf9-467b-94a1-beeb7d1bd3e8,Koi yori Aoku,High,High
274a8e39-71a8-4bd2-af19-4572518fe44f,Simhaesu,Medium,High
fabf4151-4b52-4e6b-ac85-f4979b5d2120,Opium,Medium,Medium
18ef1e92-f574-4c8c-99af-555e44ba418e,Touhou Ibara Kasen ~ Wild and Horned Hermit.,Medium,Medium
f4904da8-2250-461b-bb29-3ec177c40bb9,Splatoon,Medium,High
7c418a1c-9241-451e-995a-31f673b4340a,Maou-jou de Oyasumi,High,High
72d1ae71-4391-4bb2-9f39-784af3cc3c71,JoJo no Kimyou na Bouken: Part 6 - Stone Ocean Color-ban,High,High
a437129d-18e9-48d7-9484-9fb9b9073ddd,Uchuu Kyoudai,Medium,Medium
9384d8e3-fb58-46da-8cf5-26602126d157,Kids on the Slope,Medium,Medium
b5351a0c-96af-49f7-898e-17914a082561,Boku no Kanojo wa Dekkawaii,High,High
ecf03a97-2194-4e4b-b4cd-741b98015957,Kaya-chan wa Kowakunai,High,High
b9a99e3f-6803-4efe-9f7c-f7d566703e4c,Barakamon,Medium,Medium
fa442671-f5ef-4397-93c4-0560b9a3a278,Make Heroine o Katasetai!!,High,High
129b4380-a229-4179-acc0-990f3a99e132,Rojica to Rakkasei,Medium,Medium
7e2933d2-8587-4c0f-b69c-4233864b96a8,Ousama Ranking,High,High
c83006f3-e650-46fd-b6de-a88df6b59fab,Umamusume - Pretty Derby PisuPisu☆SupiSupi - Golshi-chan,Medium,Medium
b23c1571-16f8-4869-8cda-9883ad9aa71d,Gakuen Alice,Medium,High
129c90ca-b997-4789-a748-e8765bc67a65,Ichinichi Goto ni Tsun ga Hetteku Tsuntsuntsuntsuntsuntsuntsuntsuntsuntsuntsundere Joshi,High,High
bf40d55a-0adc-41ca-953c-a9feb42a0d5f,Tōu Xiāng,Medium,Medium
1814d0df-a4eb-44f2-acf1-28ffe3f55da8,Honey Lemon Soda,High,High
2177b7e5-6ac8-4feb-bb50-59fa5bc27a99,Neko to Ryuu,Medium,High
17a56d33-9443-433a-9e0d-70459893ed8f,Wǒ Jiā Lǎopo Láizì Yīqiān Nián Qián,High,High
29c42e49-d6f5-4084-9cec-771f5660c90f,One Punch-Man (Fan Colored),Medium,High
fbc8e1e4-cba6-48ec-b828-d613fe3d93a6,Koori Zokusei Danshi to Cool na Douryou Joshi,High,High
e8c03c09-960b-461f-b430-0ef8ba86e19b,Gurren Lagann,Medium,High
a2b2d55a-4ce8-44fe-9232-d07aad412f63,BLUE GIANT SUPREME,Medium,Medium
f74dc24b-3f38-44d5-b7d0-8c40f4b04e29,My Dear Lass,Medium,Medium
bade271e-a7bc-4518-a3c4-2b6b1161d3a4,"My Sister, The Cat",Medium,Medium
0d18b471-d710-4b33-88bf-c13df82d7923,Iseop ui Yeonae,Medium,Medium
1aad07fb-3ec1-4acf-8c5b-d8f5f5929a5d,Koudo ni Hattatsu Shita Igaku wa Mahou to Kubetsu ga Tsukanai,High,High
22c844da-1122-4ab3-b726-e7d4b7114254,Youkoso Jitsuryoku Shijou Shugi no Kyoushitsu e: 2-nensei-hen,High,High
dbbca2b5-bdd1-4f2b-8b2e-d72bf7fd89a0,Wǒ Zhēn Bù Shì Xiéshén Zǒugǒu,High,High
9d9b04ad-9a83-49f4-8ae4-a9a3780fe9c0,Sakamoto Days,High,High
11a9b6aa-d1f0-498a-95f8-4b82d8a4b84c,Animal Rap,Medium,Medium
dea77c2d-dbaa-434a-b0af-0c116642434c,Madan no Ichi,High,High
19914978-437b-4269-b311-fcf7d66d1f1b,Everyone Loves Her,Medium,Medium
9c21fbcd-e22e-4e6d-8258-7d580df9fc45,Lycoris Recoil,Medium,High
051a49d7-dbd8-45eb-bf2a-4c04ab3e2e88,Little Shark's Outings,Medium,Medium
34b47146-a72e-43d8-9ea5-935a5956f09f,OMORI,Medium,High
47e5c76d-1420-4bfa-a973-90524c9d6f13,Pokémon SPECIAL,High,High
e36da8b0-feca-46dd-9120-d5dc2f3feae8,Doraemon,Medium,High
79dba6c7-cc1e-475c-971b-82898375d27b,Komen Fuufu,High,High
29aa68fc-7ee3-4b04-80fb-d2fe7c433fcb,Ma Dou So Shi,Medium,Medium
4f1c1d58-ca14-48a7-b421-f01b5900ce28,Sense Life,Medium,Medium
dca5046d-7d96-449d-9dce-2f04a4cfd5a9,Nomura Nao to Kyougoku Hina wa,Medium,Medium
6fc1c54b-7285-4a51-8c8b-22838f04eb26,Kono Koi wo Hoshi ni wa Negawanai,High,Medium
99182618-ae92-4aec-a5df-518659b7b613,Rebuild World,High,High
00e07ecc-5afe-45c2-807e-bbcdea4e161b,Ennead,Medium,Medium
8bd288e6-7c5a-403a-b5b6-a845a70ca376,Cross Game,Medium,High
62c802ff-25ce-4b1c-aa94-55251c84ed0c,Abimussang,High,High
73bc69fa-9ba9-4533-a243-ebc11651339f,The Villainess Turns the Hourglass,High,High
6ebe8b8a-7bac-45f0-8652-4b9d52b95644,Hoshi no Samidare,High,High
77a32af5-e060-4f21-8576-2590c899fb52,Lost in the Cloud,Medium,Medium
4710b856-0585-40d2-a87e-099fc032511f,"Isekai Izakaya ""Nobu""",High,High
1f9fb803-733a-4104-bea3-f4b449da5e3c,Tonari no Kurokawa-san,High,High
4fd4f8c0-fab8-4ee5-ab9e-5907720afed9,Iken Senki Völundio,High,High
356562c0-62f5-4aaa-8cea-4fe7a28f4bc7,Disney Twisted Wonderland: The Comic—Episode of Heartslabyul,Medium,Medium
7e905fc7-d534-479e-9880-f89effbf30e2,"Kimi ga Hoeru Tame no Uta wo,",High,High
101c7648-2599-4167-a4e8-5e1bc07fedae,"Urenokori no Dorei Elf o Hirotta no de, Musume ni Suru Koto ni Shita",High,High
2d7ab8f4-f3b2-4a8c-8ea3-1e5f75d9332b,Touhou Project Niji Sousaku Series - Koumakan no Onnatachi,Medium,High
48905e2d-4fe6-4f4d-90bc-bfe6e60b82c1,Chikan Otoko,Medium,Medium
9be148dc-e8fc-4ca5-bd78-e0a142a27ca8,Surviving Romance,High,Medium
c071276e-abd4-4711-8b14-544431eb152a,Kimi no Na wa.,Medium,Medium
5e77d9e2-2e44-431a-a995-5fefd411e55e,Ookami Shounen wa Kyou mo Uso wo Kasaneru,High,High
927617bf-a212-44d6-9ff0-3d941fbaae2a,Sylph no Hanahime,High,High
8685b705-d626-44a0-b449-2ccd5ae5959d,Mujikbaeksu Gye Baek-sun,High,Medium
8c3526df-a784-4441-b58e-ea521f968afb,A Beloved Existence,Medium,High
ff7acd30-a447-4ebc-9dc9-3ad588ccaa8d,Sherbet Above the Sea of Fog,Medium,Medium
1d2967dd-d157-4cbb-84ed-ea7cf7140d14,Yume de Furarete Hajimaru Yuri,High,High
5311ac6f-3651-43a8-bb9c-b40dea7ab72d,"Ichido Dake Demo, Koukai Shitemasu",High,High
65263bf9-4f87-4513-b72f-ad6436b3911c,Wotaku ni Koi wa Muzukashii,High,High
fd2d7c3e-87ab-4775-a1e3-17403994043b,Majo to Youhei,High,High
b24d2c22-5b28-44d4-a77f-0e920cd960a6,Wolf-chan wa Sumashitai,High,High
71b16e06-8c0d-42a3-b457-73cf55343bc0,Magmell Shinkai Suizokukan,Medium,Medium
03bcdcf5-1550-4ccb-9c4e-4793cb4b8380,Capeta,Medium,Medium
07d3503f-d35e-4dd2-aeb3-3973f7d20750,Mystery to Iunakare,Medium,High
6bf844c8-2ce4-401a-a761-3151042efe30,Tokidoki Bosotto Russia-go de Dereru Tonari no Alya-san,Very High,High
13785f54-007b-485d-8997-be0f0523e189,Crows,Medium,Medium
b98c4daf-be1a-46c8-ad83-21d532995240,Wǒ de shíwù kàn qǐlái hěn kě'ài',High,Medium
607151d3-ff0f-4233-ab4e-e4d4d83c6a59,The Shocking Reality of a Loan Shark Collecting Money,High,High
f30a1d56-f3a4-4848-8cf2-b4369e784dcb,The Beginning After the End (Book Version),Medium,High
d9339050-0957-46e9-a30a-4466eaa0a1e8,Fugue Across Worlds,Medium,Medium
1d330951-583e-423e-9cd7-abcd6f761f53,Ane no Tomodachi,High,High
f75812e9-27bb-44d5-9cb1-25de07ceb326,Voynich Hotel,High,High
e6a2254a-a8e3-477d-9460-94c9b7b81399,Dachou Juujin no Hachamecha Musou: Aho Kawaii Saikyou Shuzoku no Leader ni Narimashita,High,High
9faba8cf-60df-4894-9370-22571592c8d3,Ano Koro no Aoi Hoshi,High,High
6f5435ad-a6e4-4f15-b607-7bdfcb9bf9fa,Chanto Suki tte Ieru Ko Musou,High,High
d8f9afe2-aa44-4bc6-9145-eebb1f282372,Giji Harem,High,High
cf69e2fd-9833-4f89-9cad-f470a280a256,How to Win My Husband Over,High,High
af9aad67-fe97-4174-91a4-263979d62b0b,Akdang-deul ui Huwonja ga Doeeotda,High,High
c595a11d-8610-48c8-bd72-1755a5b6372b,Kimi wa Shuumatsu,High,High
e182b09f-09ab-4201-8f37-0ced6822eb39,Watashi ga Motenai no wa Dou Kangaetemo Omaera ga Warui!,High,High
e326fcfb-ec60-4f6b-877b-ab2448c678d3,"Loop 7-kaime no Akuyaku Reijou wa, Moto Tekikoku de Jiyuu Kimama na Hanayome Seikatsu o Mankitsu Suru",High,High
b4ba2a5a-c5fb-48fd-89e5-c852271a6193,Oyaji,Medium,High
d7e7cc2d-d04d-4bba-a16a-be66f6d21628,Lying Puppies Get Eaten,Medium,Medium
eb95c066-5f46-483a-af69-a83b5cf324ee,Seihantai na Kimi to Boku,High,High
8e95570e-93a7-494d-8e83-bd755e3b631d,Kaisou Toshi Danpenshuu,Medium,Medium
8aa6cbe7-fe17-4e8b-be67-e561b4a6d25a,1/11,Medium,Medium
57064865-2e29-4f9f-b7d6-7d2dfc22dc25,Tenshi no Kyoryu,Low,Medium
85c4540f-c43d-4438-bcc6-778581c091e7,Kodomo no Kamisama,Medium,Medium
28f86472-0fab-4229-96da-6d3c9b2633de,Boku no Kanojo wa Dekkawaii (Pre-Serialization),High,High
4d97b35d-2d9f-4369-964f-3b0ce2c7fbbc,Muhanui Mabeopsa,High,High
769a5e79-0670-4188-8582-035f0a3cc051,Zannen Onna Kanbu Black General-san,High,High
61b0d21c-b703-4999-910d-ebffc44791bb,Akuyaku Reijou Tensei Ojisan,High,High
3486c56e-47db-4d62-a9b4-71ea44acbaec,Centuria,High,High
b69ac2ac-a439-4c13-bad5-ba27928f3bf5,My Girl,Medium,Medium
fe1394fe-3d67-48fb-b452-06580d2dd9d7,Wakaba-san'chi no Aoi Koi,High,High
f5e77778-2a45-4f27-909f-326fa4a49b70,Seven Days Diner,Medium,Medium
8a074cbf-b6d0-4bb6-b098-6dcce0729b2e,Usagi-moku Shachiku-ka,Medium,Medium
d5e2bd89-e300-4262-a799-fb4f79bdb777,Kaichou wa Maid-sama!,High,Medium
273e000d-884b-451c-835d-3f57951d397a,Isegye Camping euro Healing Life,Medium,High
af7cc594-4f6a-4c0a-8f74-16748910dee5,Akagami no Shirayukihime,High,High
a9a3d2c8-fb68-4067-948b-7602f1bb060d,Tsukuritai Onna to Tabetai Onna,Medium,Medium
f5c25341-d6ff-4585-8548-3a48fc7654d9,Momose Akira no Hatsukoi Hatan-chuu.,High,High
652aad4c-3a40-40dd-9809-07d17b7a57ea,A Story About a Totally Straightforward Girlfriend,High,High
3867b8ae-9c02-4579-8a4a-c480fb92b9bb,Shoujo Jiten,Medium,Medium
2443c0cf-e3e1-4305-bf57-b5c7f370781b,Yuukoku no Moriarty: The Remains,Medium,Medium
193f91a0-51ef-4653-b3d7-a3f75c42ee9b,Ame to Kimi to,High,High
4dff5c5e-bad0-4dc6-a356-638b188b9eec,"Shinimodori no Mahou Gakkou Seikatsu o, Moto Koibito to Prologue kara (※Tadashi Koukando wa Zero)",Medium,High
1aa29670-ce7e-4dc4-b032-fa39e19dd241,Old-fashioned Cupcake,Medium,Medium
b80ea8bd-7293-4e61-965a-14594059dde1,7-Kakan Gentei Kanojo,High,High
8283a222-48df-4474-b52a-938444368fb3,False Child,Medium,Medium
47e7bee9-8f16-4fb0-a46b-88d38bf6769c,The Soaking-Wet Unnie Next Door Wants Me To Touch Her Down There?,Medium,Medium
7aee516e-4633-47e9-bf15-49196ce2d195,Ore Monogatari!!,Medium,High
22d6d048-9f9f-4c3a-95c2-3b145f110e20,Watashi no Oshi wa Akuyaku Reijou.,High,High
71ad0a8c-1a51-4f51-9a0a-5d20c1fa3ec5,Kanata Kara,Medium,Medium
81eab389-c68d-473a-b810-1ebf7cd45fd7,Ultimate Rock-Paper-Scissors,Medium,High
f616e4e3-bad7-41f2-84a4-7c083bd883bc,Yuki no Yousei,Medium,Medium
a846b1d7-2e57-4622-acdf-9c584d07ce7f,Tyrant of the Tower Defense Game,High,High
a08cd14f-68d4-4942-9305-2fe9d7d0339e,Boroboro no Elf-san wo Shiawase ni Suru Kusuriuri-san,High,High
f1d82e50-4c28-4621-a470-8f107eddeccd,Daetteum Chakgakdanghaetda Goemul Cheonjaebaeu-ro,Medium,Medium
ab42e764-fb01-40f4-b961-751343902e7e,Murazukuri Game no NPC ga Namami no Ningen to shika Omoenai,High,High
fd917921-5e97-479f-b22c-5d7f00e1c830,JoJo no Kimyou na Bouken: Part 5 - Ougon no Kaze Color-ban,High,High
d7ae4a0f-bb85-48d9-98c2-45144f27374b,Charlotte,Medium,Medium
34f043ef-a423-422a-8e26-a54720645ee5,Miss Angel and Miss Devil,Medium,Medium
e5ce88e2-8c46-482d-8acf-5c6d5a64a585,Noragami,High,High
01c60e88-6a8d-449b-a538-f4946070b108,Akumetsu,High,Medium
cf51fa02-6841-49be-9575-9d1ce8a20751,Kami-sama no Uroko,Medium,Medium
0a2fd70d-e4de-49fb-8e81-89311d46b329,Ruri Dragon (Oneshot),High,Medium
8483f361-a149-463d-aada-61fa1d94ff7d,Sachiiro no One Room,High,High
316d3d09-bb83-49da-9d90-11dc7ce40967,Honzuki no Gekokujou: Shisho ni Naru tame ni wa Shudan o Erandeiraremasen—Dai-3 Bu: Ryouchi ni Hon o Hirogeyou!,High,High
1dc3ebf9-c86c-431c-bcca-5e35ac124f28,Baekjakga ui Mangnani ga Doeeotda,High,High
a6b7f9e1-11d8-4a76-ac77-7c37baf24be0,Toumei Otoko to Ningen Onna: Sonouchi Fuufu ni Naru Futari,High,High
42b7188b-8e95-4b7e-9177-5eb62938ffb4,Made In Abyss (Fan Colored),Medium,High
d080f85f-a6ef-4e0a-9569-c0709b60d8c0,Isshou Senkin,High,High
60879eb7-3845-4dff-b86d-5a612108053b,Diamond no Ace,Medium,High
0de4c50b-16d7-4839-9e7d-95795e5612e3,Sesame Salt and Pudding,High,High
c0189f4a-dee6-48f4-abbe-53a4359cbcfb,Kita no Toridenite,High,High
3ac55057-52e9-471d-a208-7a684cad8ac6,Museru Kurai no Ai o Ageru,High,High
d553645b-03a3-4fc8-9a9c-57f91cbbab89,Jirai nandesu ka? Chihara-san,High,High
cb676e05-8e6e-4ec4-8ba0-d3cb4f033cfa,Ending Maker,High,High
3c6f718e-12ef-462e-b774-0e37b7242503,Friend Girl Friend,High,High
bc998000-171b-4fbe-9dd8-570e56c0845d,Maitsuki Niwa-tsuki Ooya-tsuki,High,High
4b0315ba-322f-434e-b5bd-89f1c001ebbd,Ironfist Chinmi,Medium,Medium
7306af45-fdff-4b65-ae2d-df573fa59cec,Aston Machan o Yoroshiku Onegaishimasu,Medium,Medium
d6c1f26b-095a-411e-ae8f-faca5c39538a,Solo Leveling (Book Version),Medium,High
bfb95591-fa3a-405c-a69d-32d7b1243451,Paint,Low,Medium
50fc2f0f-aeac-4152-82ba-164b3bb3b5b3,The Monstrous Duke's Adopted Daughter,High,High
4684953a-6bbc-4c05-82d1-808ce77960ea,Akumade Amai Watashi no Kanojo,High,High
6fca468e-3d9c-4c9c-b260-6ab38ec77778,Chikyuu Kiroku 0001,Medium,Medium
2b5a3b43-effb-4f54-aa9b-d6093d523452,Silent Witch: Chinmoku no Majo no Kakushigoto,High,High
b13f783d-a112-436f-a291-792421dd117d,Love Advice from the Great Duke of Hell,Medium,Medium
e31b62b8-68ec-4bb6-bf7e-33db5be5e0b0,Boku no Suki na Hito ga Suki na Hito,High,High
c875bebb-8d03-4c8e-89dd-a3235f28df62,Niwatori Fighter,High,High
bd9cc854-8177-435e-a9fb-399c8bad5e16,Project SEKAI COLORFUL STAGE! feat. Hatsune Miku Comic Anthology,Medium,Medium
bd29a3d0-9551-45e3-b1ac-941214e535b5,Heterogenia Linguistico: Ishuzoku Gengogaku Nyuumon,High,High
175cf215-2122-4656-9fac-37ac092438af,Akira,High,High
cfcc577d-14a3-4332-beaa-346068d2afbd,Tamon-kun Ima Docchi!?,Medium,Medium
53ef1720-7a5d-40ad-90b0-2f9ca0a1ab01,Soul Eater,High,High
2d0d55b1-1c35-4f99-965d-7665e5b9c415,For Better or For Worse,High,High
bc58f72b-4f06-4eb6-a3f5-442c002f3b27,Miss Not-So Sidekick,High,High
642bf922-094b-4a98-b0b7-8d6add31b729,Neko Oji: Salaryman reincarnated as a kitten!,Medium,Medium
75226848-a988-4d04-8536-46e49a7d1735,Kamibukuro-kun wa Koishiteru,High,High
f1311d54-99bc-49ed-b12f-099b9a40c104,Honzuki no Gekokujou: Shisho ni Naru tame ni wa Shudan o Erandeiraremasen—Dai-2 Bu: Hon no Tamenara Miko ni Naru!,High,High
3aa2c2e6-9f3a-4381-a185-d7ee3e9f1f30,Semantic Error,Medium,Medium
c8552e8c-c90e-4936-aac7-a73855550ed7,Tanaka-kun wa Itsumo Kedaruge,High,Medium
09bbbb75-1086-4e7c-b775-ae9ee1816e0d,Versus,High,High
7b7ea081-437c-4b8d-9274-84b12457dea5,I Married the Male Lead's Dad,High,High
6f81b440-3ece-4d24-ac12-1d460a1a3ca3,Futari Machiaruki,Medium,High
4e5efe91-12d2-4056-b21b-5ad6b7a2e29d,Boukensha Sakaba no Ryourinin,High,High
b3583a62-1184-4a61-b18e-9497a81b1673,The Star of Girls' Garden,Medium,Medium
2063ced4-bf94-4471-8772-75f6720be008,Kengan Omega,High,High
c70980c2-f60f-425b-8995-331a7b9dd88a,Moonlight Garden,Medium,Medium
6994b74a-2ecd-4a54-8d23-d2adff5e0b0c,Player,High,High
dc10dbb6-2bb2-4d52-8440-85ca9ed2d9a6,Yú qíng kě dài,High,High
830daff3-61ce-4b74-af72-ae08345c02af,On a Leash,Medium,Medium
dfb1718e-6702-4606-bdb5-5ae3fa76b3b9,Shrink ~Psychiatrist Yowai~,Medium,High
a8f78ad3-6be0-40b6-8661-628be3076ea1,Disney Twisted Wonderland: Anthology Comic,Medium,Medium
f0cd1baa-b503-4111-8f6d-3082e3eea8b8,Hana Himeru Kimi no Meteor,Medium,High
09bd6580-9626-447f-ae9f-b221f33ade74,Classmates,Medium,Medium
5c21aab3-dba7-46fd-be36-6c860a22d950,Martial Wild West,Medium,Medium
8ae4d0f6-152a-4956-8664-4405758d26ae,Asper Kanojo,High,High
0c76e194-919d-4143-a7a4-f7b3504183d9,Revelation of Youth,Medium,Medium
851d53fd-5e67-4e90-9d5a-3eba5cf73a97,Piano Forest,Medium,Medium
32eac372-ebb0-4a53-998b-7129b6889021,Emma,Medium,Medium
b35f67b6-bfb9-4cbd-86f0-621f37e6cb41,Tomodachi Game,High,High
624907a9-9aac-4998-8f1e-bed15ab26d71,Kenrantaru Grande Scène,Medium,Medium
aeffffd7-20cf-4bf4-854e-e2800a952f6a,Kuriko to Biyori,Medium,Medium
f26c0ae5-c8f6-4630-979e-9a5d310bd795,I Only Want to Beat You,High,High
6fa586f1-bbc3-4bc1-bea4-55132873f771,Dovahlove Special Edition (Doujinshi),Medium,Medium
b4668276-4b3e-49e0-98e7-fcc6841f7680,Blue Lock - Episode Nagi,Medium,Medium
23fed86c-a2f0-4cdc-a1b3-13596aac6e7c,Dugeundugeun Daejakjeon,Medium,Medium
8e3740ef-34f9-4ed4-928d-465f685f4c30,Afterlife Diner,Medium,Medium
50e0025c-8747-4edd-987d-baabf2caeb67,The Perks of Being a Villainess,High,High
e959ee87-cae7-4903-82b3-fa8800bb8ce6,The Lady and the Beast,High,High
d8a00acf-2c05-4cd9-8d58-5e8c7c432f7b,Ninja Slayer - Kyoto Heru on Asu,Medium,High
73cc2493-418a-47b8-8d15-182b46cfa37e,10000 Kounen Sougankyou,Medium,Medium
b4615bd9-7cbd-4243-a8a2-5c24671663e0,Yajin Tensei: Karate Survivor in Another World,High,High
a7ecd60e-24d3-4e26-9e7a-0c5792b92a67,The Perks of Being an S-Class Heroine,High,High
8c6e0eb8-fb94-44a3-9bf4-fa72dee36775,Your Throne,High,High
53d632ed-4a2f-4fb7-a7b0-8c6e9cd0ae6e,My Secret Crush,Medium,Medium
d2d0b8ea-4dfc-4d72-b584-5b26380f9bed,Koori no Jouheki (Book Version),High,High
6ba37a68-bc82-4030-b550-899ecd9446af,Urijip e Nolleowa!,Medium,Medium
fc9f891c-6160-45f3-bd49-311e5535f3f6,Curtain Call,Low,Medium
dbae4cf5-27de-40eb-b9e1-346c4f2cf8aa,Touhou Suzunaan ~ Forbidden Scrollery.,Medium,Medium
c79bcd31-4c0e-43c2-873d-7e614361096e,Heart of Thorns,Medium,Medium
e660da42-375c-4fca-80f1-1afbe5342b8f,Fool Night,High,High
77ae6d99-0d2d-4f63-8903-6246cac20897,"Tearmoon Teikoku Monogatari ~Dantoudai kara Hajimaru, Hime no Tensei Gyakuten Story~",High,High
f48bbb5f-8a23-4dea-8177-eb2dbbcbf4fa,Call of the Night (Fan-Colored),Medium,High
203e5733-2cff-4f85-8dfc-a6258205a3ec,The Parodied Neverland,Low,Medium
df5f8e3d-64a1-4287-8f08-4a732e9cb757,"Myst, Might, Mayhem",Medium,High
4644da00-8f23-44a8-aa99-e3661dcee901,Trigun Maximum,Medium,Medium
6306c976-d776-48c3-b29f-d345e65f272b,Yuru Yuri,High,Medium
c4c40def-4324-46bb-84fa-8c4792d31ef8,Pulse,Medium,Medium
2e3ec8e6-cee0-4779-8f4e-c42ab683ef75,Musuko ga Kawaikute Shikataganai Mazoku no Hahaoya,High,High
d8aa410e-a169-4af2-a49c-ac161e2efc7f,Zenbu Zenbu Kimi no Sei,Medium,High
b4c93297-b32f-4f90-b619-55456a38b0aa,"Fuufu Ijou, Koibito Miman.",Very High,High
ac743453-99ef-49e5-93e5-265cfff01fe0,RTA Sousha wa Game Sekai kara Kaerenai,High,High
e1ea6681-8a5a-443f-b592-c4a3e2c227c5,Banquet With Deer Crying,Medium,Medium
baac09cd-6eb9-43ec-a780-980c8da4f066,Misaki-kun wa Kouryaku Chara Janai,High,High
333f4d22-7753-4e3b-b0da-0a69b2cdce4f,Assassination Classroom,High,High
5fa9c811-6afe-4932-8802-af1907a3163f,Shinai Naru Gene e,Medium,Medium
566ab917-4893-423a-8b0c-787ba77b6def,Toki Doki,Medium,Medium
55fe7e05-6c8e-4164-bd42-4ecfb76c5715,Game sok Barbarian euro Saranamgi,High,High
85ce7857-3d01-4b0a-adff-7a4cba347ced,Honzuki no Gekokujou: Shisho ni Naru tame ni wa Shudan o Erandeiraremasen—Dai-4 Bu: Kizokuin no Toshokan o Sukuitai!,High,High
7c327954-8810-465a-943d-ad1e9c62199e,Graduate,Medium,Medium
8599405b-b87b-432f-a08e-0649f53b364a,Acchi Kocchi,Medium,High
23aadc44-d2fe-46ca-83a6-6c86fd36ee12,"Bouken ni wa, Buki ga Hitsuyou da! ~Kodawari Rudy no Kajiya-gurashi~",High,High
bcfa196d-d162-45f5-a224-61d26b04a077,Kono Subarashii Sekai ni Shukufuku o!,High,High
f0aa2ca6-8985-4b6f-beda-f7fa1956422e,Saijaku Tamer wa Gomi Hiroi no Tabi wo Hajimemashita. @COMIC,High,High
256cfa77-3698-4f5b-8ff0-5eb39cd6bd6c,Life of Pyonko,Medium,Medium
5b67448e-ddf3-49d2-9701-c1edd8f0e7ee,Bungou Stray Dogs: Dead Apple,Medium,Medium
3e7d016d-43c8-4270-b83e-cbbe9d890505,Disney Twisted Wonderland: The Comic—Episode of Savanaclaw,Medium,Medium
7cd3ca23-2d70-4c03-99f0-b1ee848c4dc4,Ninkyou Tensei: Isekai no Yakuza Hime,High,High
a2ab72e3-4daa-4280-b5f9-e7820980462d,The Pizza Delivery Man and the Gold Palace,Medium,Medium
c4b36f15-4ee5-425f-a77d-c2e7cbb970d8,Nippon Sangoku,Medium,High
a781de8e-0935-45bd-bc33-cbc76ea8c6f9,Ore ga Watashi ni Naru made,High,High
eb0494de-3b43-4d52-a808-63429c4a4239,Ako to Bambi,Medium,Medium
4265c437-7d57-4d31-9b1d-0e574a07b7b7,Bakemonogatari,High,High
469b4919-e422-415c-bd44-18fcb0d4687b,Tsuki wa Hitsuji wo Kazoenai,High,High
84592055-1c4a-4887-83e5-3e6b95a62438,Usotoki Rhetoric,Medium,Medium
5c0c432b-9d71-47aa-8534-f26149b967e0,Anata Mitai ni,High,High
7f7678c7-0d32-4d36-a99a-1bfe32483584,Dai Akutou Shonen,High,High
1581f543-3d94-4749-bd77-045d03e7c05a,"Eris no Seihai ~Konyaku Haki Sareta Reijou wa, Kidai no Akujo ni Tasukerareta Daisho Toshite Fukushuu ni Tsuki Awasaremasu~",High,High
bd413470-2326-4da7-87c7-729675be0f18,Melancholia,Medium,High
4106c8cb-7917-41c5-bd55-072f6687076d,Agnyeo ga Saranghal Ttae,High,High
1d1fcc62-4e60-414c-a289-42acff7976ef,"Belle Poupée no Supadari Kon'yaku: ""Konomi ja Nai"" to Iwareta Ningyou Hime, Gaman o Yametara Ouji ga Deredere ni Natta. Jitsu ni Ui!",High,High
101b9672-f73f-41f5-8de1-97ef1a732de1,Saint Seiya: The Lost Canvas,Medium,Medium
ef4b0094-cc78-489f-978e-d56e0ff28347,Otome Kaijuu Caraméliser,High,High
ed6abdb4-3363-4872-af32-50743007c9f3,Like The Beast,Medium,Medium
85b3c17d-68fb-4c70-8641-0ced19ca9006,Oblivion Battery,Medium,Medium
707133cd-d9c2-4c83-8398-55bfdda7da14,Blue Archive - Kankan's Blue Archive Logs (Doujinshi),Medium,Medium
ade0306c-f4b6-4890-9edb-1ddf04df2039,Na Honjaman Level Up: Ragnarok,High,High
857383f5-4c79-4835-b6ad-86b2baeece08,Blue Sky Complex,Medium,Medium
bf494fae-d214-4b5a-8960-8e028ee00204,Basara,Medium,Medium
fa0fb27a-d1db-4826-b400-fa3375468353,Re:Zero kara Hajimeru Isekai Seikatsu: Dai 5-shou—Mizu no Miyako to Eiyuu no Uta,Medium,High
356de811-ae92-48f1-b93b-cfdf0f8d02e4,Kakunaru Ue wa,High,High
32505911-558f-4ce0-9eed-0b4538f29efc,Dragon no I de Oyasumi,High,High
ebf07f03-6e24-4415-8920-04198582b2f4,Rinjin-chan ga Shinpai,High,High
6d64a02b-b065-4d03-978f-0cddc3d83681,Blue Archive - Kyorikan Bug no Usagi (Doujinshi),Medium,Medium
0c226e3a-63d9-4fdc-b270-dfd5b60319c4,Touhou - Chirei de (Doujinshi),Low,Medium
00211076-e660-4f86-95b8-959fa3b051bc,Sono atono Succubus-san,Medium,Medium
cdc23e4d-fe8e-4031-a804-eb06ea0748dc,Yakchogage Eonniya,Medium,Medium
23b51846-bec4-41e4-a9a2-a034064d01eb,Yahari Ore no Seishun Love Come wa Machigatteiru @comic,Medium,Medium
994978d7-a23b-40bc-afc8-5d5057eaa0c2,Night Shift in Another World,High,High
0df86784-961a-443c-9765-8b41702c6249,Alice-san'chi no Iroribata,High,High
a048183d-f95b-4b73-ab92-616d8ea5200b,Toumin,Low,Medium
17660276-a16f-454e-8295-3821fe7c04e9,Robber x Lover,Medium,Medium
7b662cfb-fe02-43bd-9083-742e1af1aba4,Bocchi-sensei! Teach me Scanlation!,Medium,Medium
c62b73e5-0cfb-4aef-9425-60393477ab6c,Dragon Ball Kakumei (Doujinshi),Medium,Medium
d65c0332-3764-4c89-84bd-b1a4e7278ad7,Kagurabachi,High,High
8edf35b1-8948-45df-9971-981094126f48,Aria,Medium,Medium
3a9a475f-5051-4e2b-ba4d-10ff9ed4e3e1,Nokori Ichinichi de Hametsu Flag Zenbu Heshiorimasu: Zamaa RTA Kiroku 24Hr,High,High
bc86a871-ddc5-4e42-812a-ccd38101d82e,Hana ni Arashi,High,High
40c058a2-430e-4ced-b663-369dcf38583f,Gokurakugai,High,High
787a9f0c-6f48-401c-8edc-d6ee07516c4f,Cheeky Brat,High,High
96b021aa-e8db-4372-846d-45ecf3fa53f4,Kibotos Eujeil Mutu Daehoe,Medium,Medium
2fd5ad01-d052-4591-96d0-1c5685a68d82,Meshinuma,Medium,High
29d93e89-8f63-4713-a8be-4ac58ffcd88b,Tsuiraku JK to Haijin Kyoushi,High,High
c8c7de84-4ad7-4712-9800-549314c8e6c6,"Josee, the Tiger and the Fish",Medium,Medium
8e44a10a-8116-430a-9e17-ba4dd58b4137,Akagi: Yami ni Oritatta Tensai,Medium,Medium
5666ae25-a015-4d06-a44e-2dca0446f8fc,Ougon no Keikenchi,High,High
c5d731f9-c1cf-4a69-a797-cd9c2a58316b,Anemone wa Netsu o Obiru,High,High
0d3ffb54-73a6-4bf3-b111-782ec4173999,"I'm Home, Welcome Back",Medium,Medium
7f952b22-812d-4252-88e1-a99818f13acd,Shinigami Bocchan to Kuro Maid,High,High
8af33c74-2779-4e2e-94ab-d614762ab499,My Home Hero,High,High
46596dea-95de-40e8-b2b8-4e63aa6acd1a,Tensei Oujo to Tensai Reijou no Mahou Kakumei,High,High
a540f26f-d440-4702-8aa6-38ee1c1bb74d,Shinozaki-kun no Mente Jijou,High,High
0153e96a-fb57-4665-a988-754b4f3aa744,Dungeon Odyssey,High,High
7a1c6e41-6c2d-401e-90fe-baccb637a63e,Lovely★Complex,Medium,Medium
df361a38-eef6-4674-bec6-86d08aa1d1aa,Ogami Tsumiki to Kinichijou.,High,High
240a43a3-8fe6-4daf-8477-580d4c833920,Sadistic Beauty: Side Story A,Medium,Medium
eb2d1a45-d4e7-4e32-a171-b5b029c5b0cb,"Kumo desu ga, Nani ka?",Very High,High
a96676e5-8ae2-425e-b549-7f15dd34a6d8,Komi-san wa Komyushou Desu.,Very High,High
6e4805a6-75ab-462d-883c-4ddedb8e4df6,Nano Machine,High,High
9a502e35-1051-4e4c-b055-5ab211954fa4,Banana Fish,Medium,High
58b09ce2-ea05-405e-8e1c-a9361df9bdd9,The Dawn to Come,Medium,High
5fcf0847-7d3a-4164-a705-970a06df2794,Blue Archive - Benriya 68 Gyoumunishi,Medium,Medium
d54b5ba8-17c9-4774-8fb9-98593ebdf8e8,"Baby, Kokoro no Mama ni!",Medium,Medium
3a8488a3-8b93-4576-baee-cae53c2be018,Kill the Male Lead to Become the Villainess,Medium,High
ddeea1f1-9edf-4b81-8369-8b4411a37968,Hotel Metsäpeura e Youkoso,Medium,Medium
184915ba-1df1-467f-bb78-849bf6e15481,"Hwangnyeo, Ban'yeogjareul Gag'insikida",High,High
cd46cb13-5330-4b5c-b418-46e79cc736ee,Snake Woman and Offering-chan,Medium,High
52925883-c86a-4f3c-a315-877a01258e14,The Witch and the Beast,Medium,High
c66d2a14-e0a2-4488-9023-abdab7249d61,Arte,High,Medium
7f8f8b55-0b59-4d4a-afab-e439c5ba468a,Iji Log,High,Medium
e5f13b1a-eabd-4752-863a-cc3930a20d24,A Sharp-Eyed Classmate,High,Medium
d22ae7a1-cfae-475a-a8fc-589ef85eece4,BIBLIOMANIA,High,High
304ceac3-8cdb-4fe7-acf7-2b6ff7a60613,Attack on Titan,High,High
b9bcdd04-542e-4a85-b85c-a8970dc6dfde,Mawangkkaji Han Geol-eum,Medium,High
59f47645-66a9-443e-8228-788313c3ae3c,Tokyo Ghoul:re,High,High
596191eb-69ee-4401-983e-cc07e277fa17,Oemo Jisangjuui,High,High
f065ff98-0de5-40b0-9902-5744b05dd9ea,Black Cat Jiumin,Low,Medium
2a941f75-195b-48b7-ab89-6a3dccf6dac9,Kumika no Mikaku,High,High
9c16fed0-3d93-4487-8c62-a9f49ab48828,Boku Dake ga Inai Machi,High,High
c089b50c-beeb-434a-ab8d-2676dc026564,"Lucky Me: I Secretly Cultivated for 1,000 Years",High,High
c16942fe-057e-4b84-b946-fda7f7b6b12d,Real demo Shiawase ni Shitekudasai ne?,High,High
03cba9f4-6fc9-4840-8f56-c31af5d05174,Lonely Girl ni Hanataba o,Medium,Medium
9f7530e3-3fc0-4d2b-a1f9-00caadbf2d05,Fate/strange Fake,High,High
a35a57b1-5dba-46bb-a985-244eb266b3f5,Boku ga Otto ni Deau made,Medium,Medium
bebb20cd-89a1-4226-80f8-92d8ea12193d,"Honto wa Motto, Shitai dake",Medium,Medium
48f9fb61-e165-4ec7-91c5-6772fa1a0274,Mizudako-chan kara wa Nigerarenai!,High,High
4d84cc9c-0f88-45d0-8700-d364d8ddbca9,Sabishisugite Les Fuuzoku ni Ikimashita Repo,High,High
034c5f07-ea13-439b-801f-4a10f3c3debe,How to Draw a (Slightly) Sexy Girl,Medium,Medium
ab925f6b-1526-44e0-94b4-af2bb5af2627,GIRLS und PANZER - Motto Love Love Sakusen desu!,Medium,Medium
a1620de1-6eb6-4948-b228-b232f910155a,Adachi to Shimamura,High,High
e2785a91-460c-4d79-bb5b-f647a9d26b09,Kaichou wa Maid-sama! Marriage,Medium,High
61526d2c-1a12-402e-9072-76d4a8010cbd,Mairimashita! Iruma-kun: Kalego Gaiden,Medium,High
6f18c4ef-3eb6-40ee-98a4-507343f05855,The Novel’s Extra,High,High
84703c86-eb83-45ec-8fc5-f34a25115893,Dai Dark,High,High
1b46b76c-bd79-4d42-8b21-e199993fee49,Houkago,High,High
16821c7e-c93e-4bd2-8b0b-c27f2476d952,Gokusen,Medium,High
418861d1-815e-4b01-8347-eba0d687df25,When the Villainess Meets the Yandere,High,High
eeea01ed-4838-45ca-8e90-88d6f6e95603,Cuprum no Hanayome,High,High
88887312-c0bb-4da5-abcd-4de7310b8b64,Onii-chan to Mitsugo no Imouto-tachi,High,High
a500b8f7-5aa4-4bec-bf42-ba9a95af8997,Einen Koyou wa Kanou deshou ka,High,High
df6c5e34-ee07-4f63-acaf-d0924027ca2f,Pen Pal at the End of the World,Medium,Medium
6c8ba6d0-e615-480d-a79f-e8ad2d01a893,Hoshiboshi no Tenkyuu no Saki e,Low,Medium
ece206e2-1199-48e4-a88c-1f99af3d5378,Fabre in Sacheondangga,High,High
331deec0-fb1a-4680-9248-8a0fc55b5b07,Ajin,High,High
46b5534d-ef35-46ed-b169-c83a4f207c7e,This Girl Is a Little Wild,High,High
71d51fb0-fc54-400a-8819-c12ae212ed73,Happiness Rides a Broomstick,Medium,High
ced1a3f9-9a34-4ada-a3b7-ca773e5af0b8,Piccolina,High,High
93dd0978-4b78-441f-bc70-73b42f4ea2af,Touhou - The Immortal Who Saw the Death of The Universe (Doujinshi),Low,Medium
9f39246a-8b05-4b19-b822-727e748723dc,Aharen-san wa Hakarenai,High,High
f77aca92-0b8d-4583-9294-8644f71b1e01,Negative Yuusha to Maou-gun Kanbu,High,High
163d2946-38e7-4b98-add6-825e4298f30b,Sylph no Hanahime (Twitter Version),Medium,High
e3da26d8-f20f-4336-b5c6-faf4f342cb91,Daytime Star,Medium,Medium
f157eb1e-3468-4abc-9541-472e59633ced,My Mom's a Superstar,High,High
b9419475-8b1a-44f4-92e6-e0b038235084,Kantai Collection X Fast & Furious (Doujinshi),Low,Medium
aa4774a1-1ffc-4bc4-88f5-042a6d329f7b,Heunhan Binguimurin Jul Aratda,High,High
94eb0afc-293c-4323-96b8-89c46de463e6,Gokurakugai Sanbandoori no Ken,Medium,Medium
b8d71714-683a-4a78-9607-597e7c8312ad,Gamjeong ui Ireum,Medium,Medium
3b6c3a0b-8752-41fc-9d3e-1310f6f28252,Giant Killing,Medium,Medium
23a2a55e-aa51-4c4b-8f8e-dd91b4b654e8,This Witch of Mine,Medium,Medium
6fcfaa0e-6023-403e-97f9-5301dd3c258c,Hellsing,High,High
31c3484e-1832-44c1-b43a-dee39e32c3bd,Innocent Rouge,Medium,Medium
290c8cbc-d3de-4fca-b7d6-8d72f3beb9b0,Hikagemono demo Yarinaoshite Ii desu ka?,High,High
91b67596-9bc3-48f5-8aad-02ff520fdfa9,Eoneu Mabeopsa ui Sikdang,High,High
62642f72-ed18-46f9-a8dd-4add20b752fc,Kuma to Usagi wa Tomodachi de wa Irarenai (Pre-Serialization),High,High
93baa07a-1a77-4fd9-a227-a9b16b5c1a4c,Danchigai,High,High
0118e4d2-2dd8-44eb-8a42-0f8d53e809c4,Isegye seo Yubunam Doen Sseol,Medium,Medium
8de2456c-95ef-4958-8f27-af7a4cc275b7,Radiant,High,High
c9a891f6-9f4b-487d-8b62-7abb0e3f59c8,Under the Oak Tree,High,High
37bf7574-641e-4665-b992-f2ba8d4652b8,Houseki no Kuni (Minimalist Color),Medium,Medium
257e0e31-e1b1-4f06-8d4e-804e78e6dcf8,Drunken My Boss,High,Medium
e2cce29d-366a-4581-b771-77eefcea5225,Atarashii Joushi wa Dotennen,Medium,Medium
b5b21ca1-bba5-4b9a-8cd1-6248f731650b,Shuumatsu no Valkyrie,Very High,High
688eee00-d587-4998-a999-652767aac846,Koutsugou Semi-Friend,High,High
ac0e6974-8555-4637-93fe-bd3a78104923,The World God Only Knows,High,High
52ed62f8-2baf-4d7d-8948-dad4041fbab6,Spirit Fingers,Medium,Medium
03f093d8-b9ca-487a-891b-4d2c5fc99601,My Gemini,Medium,Medium
871c0581-f894-4772-8a3e-7ec97ab592a0,Kekkai Sensen: Back 2 Back,Medium,High
74502f72-ad26-4af1-846c-de18061107a0,Non Non Biyori,Medium,Medium
6e5ddee5-eccb-48cc-b6bb-43488cc9791f,Vagabond (Hong Kong Colored Version),Medium,Medium
68da21ba-6875-4b3e-b79f-8e3492fc1260,Blue Archive x Kamen Rider Decade - Schale no Kadoya Tsukasa-sensei Gainen (Doujinshi),Medium,Medium
9ef560c3-e1b9-4451-9103-1fc5af45c09e,I'm Still Alive...,Medium,Medium
027df837-7a15-4893-9dc3-e2ae11b94717,Onii-chan wa Oshimai! Koushiki Anthology Comic,High,High
915412e0-ffc6-4b36-a75c-11a6d9f09244,Pogeuraendeu,Medium,Medium
6a42c61e-1f61-4bfe-b78b-865e0e3ee0a5,It Shows Right Away in Nijime-san's Eyes,Medium,Medium
7991e715-40ae-4c3e-b0e0-aa8bee90ece7,Shachou to Sake to Hoshi,High,High
9116f6af-c2c5-44f8-b5c3-dec53aa11943,Isekai no Sata wa Shachiku Shidai,High,High
e2331661-2a88-40d4-ac1a-e61ad776ed48,Beoryeojin Na-eui Choeaereul Wihayeo,Medium,High
f6aebf39-07b8-4959-ba73-fa852b96913b,Koiseyo Mayakashi Tenshi-domo,High,High
3f7b7736-84c5-4f38-bf73-7266021f355a,Junji Ito Horror Manga Collection,Medium,Medium
6e769716-df1e-4d66-89cc-32f3b46e17dc,My Blasted Reincarnated Life,High,High
01ea7299-112c-41f4-b2a0-6d28c272deef,Aku no Kadou o Ikimashou,High,High
b2b13e03-f598-4503-9f26-9016cc187e28,Jiji Neko-kurashi,Medium,Medium
0d20230b-60de-4f02-b898-b477748ee667,That Time I Got Reincarnated As A Slime (Fan Colored),Medium,Medium
ee61b25d-154f-45e9-baa5-a9db3d5685ba,Ada to Eyva,Medium,Medium
d13332db-7b57-4cc4-9e46-802cf52e3b8b,Koharu to Minato: Watashi no Partner wa Onnanoko,High,High
30b89356-952c-4a72-9d8c-cf44147e881a,IDOL×IDOL STORY!,High,High
a54cbc84-9400-4998-9f23-4a7553781490,Kuroi Santa yori,Medium,Medium
52d1b525-9461-4cb8-9d9d-b9f3ebd5fd95,Finder,Medium,Medium
147c9906-343e-4b16-ae64-5a8974a623a6,My Broken Mariko,Medium,Medium
40da1219-1860-4d7f-b823-d3511ac67cac,Positively Yours,Medium,Medium
611c939f-88fc-4de0-b596-89171955bf9d,Time-stop Ugly Old Man,Medium,Medium
eac0159f-2768-49d7-8891-4202f3e9fb8c,Zenbu Kowashite Jigoku de Aishite,High,High
65ecbfe5-7075-4715-b94b-0921af9a75fd,Ma no Monotachi,Medium,High
e1e38166-20e4-4468-9370-187f985c550e,Mato Seihei no Slave,Very High,High
5353e8c5-8a6c-402a-895b-0d09feec17d4,"Isekai ni Kyuuseishu to shite Yobaremashita ga, Around 30 ni wa Muri na no de, hissori Book Café Hajimemashita",High,High
3791477a-a18c-48a7-bccd-2dadd8337832,One Outs,Medium,Medium
e8427392-0a14-4c70-babe-2347c0372a05,Kimi wa Tsukiyo ni Hikari Kagayaku,Medium,High
dbd208cd-31fd-4c68-a377-d2bfec53ea8b,Kara no Kioku,High,Medium
8d163365-15a6-4031-8671-29a11e3b6d69,Accomplishments of the Duke's Daughter,High,High
c6dc99d1-4b39-4a7e-bfda-ad66fdff235f,Hotaru no Yomeiri,High,High
9a5b657d-b6db-45a7-a2b7-b165884d9603,Senki Survival Saga: Isekai no Unmei wo Kaketa Mujintou Fujun Iseikouyuu,High,High
84ec6569-a03a-4a40-b82f-d3732c363fe1,Kono Subarashii Sekai ni Shukufuku wo! - A Day of KazuMegu (Doujinshi),High,High
ba27bb2f-d7fb-42d8-a5bf-f904a9115150,Shin Seiki Evangelion - RE-TAKE Soushuuhen Zen Nenrei Han (Doujinshi),Medium,Medium
0e797cbf-c29a-4075-8070-222bfa37b4b6,"The Legend of Zelda Breath of the Wild - The Unfinished ""Happily Ever After"" (Doujinshi)",Medium,Medium
ce7cd7b0-e595-4f0d-98e8-447da10d652d,Mission: Yozakura Family,High,High
b6afbe38-6574-44b7-a299-e50188dd7a42,Angel Buddy,Medium,Medium
31d20f08-2168-42f6-b23c-8efc9c65b9d0,Love Thy Neighbor,Medium,Medium
a59ec084-aed4-4a49-abc1-ae08cf7a9aa7,High Score Girl,High,Medium
566eb93d-5958-44ca-b9d3-a8335bfead5a,Sket Dance,Medium,Medium
21b848be-1bfe-4f97-b92c-62d319d8a093,Onee-sama to Watashi ~Ojou-sama ga Isekai Tensei~,High,High
e9dc373b-314c-44ff-9428-ae63319ae86b,Toradora!,Medium,High
94d60d12-452d-49f0-8d0f-5af785e561a8,Raamen Aka Neko,Medium,High
911a12ae-1022-448e-9219-b7b294d7fb3e,Love So Life,Medium,High
2deb4d47-18a5-49ce-9c7c-24532064fc1b,Sasaki to Miyano: Koushiki Anthology Comic,Medium,Medium
9496f98c-78b9-46d0-a092-d4ccc6759cc9,Otonari ni Ginga,High,High
0d4f9dba-f55f-4ff7-9f49-52311939504e,"Katainaka no Ossan, Kensei ni Naru ~Tada no Inaka no Kenjutsu Shihan Datta noni, Taisei Shita Deshi-tachi ga Ore wo Hottekurenai Ken~",High,High
7cc37898-6669-407f-b7a6-f23a2859bc0b,Sweet Home,Medium,High
6236e459-a437-43d9-a4fe-f5dca83b9416,Koimonogatari,Medium,Medium
9da1aa3e-6bca-4423-89c2-af657f93ff78,Gori-sen ~The type of PE teacher to die first during a panic~,High,High
ba797a39-eddc-4033-9533-341961a1a12a,Otonari no Tenshi-sama ni Itsu no Ma ni ka Dame Ningen ni Sareteita Ken (Fan Colored),Low,High
a9bd6a77-5828-4f55-9756-53b08065ecff,Until My Bentos Are Made With the Loving Care of My Wife,High,High
75251a47-952c-4e38-b1c6-3572b9bfd481,Hokuto no Ken,Medium,High
f239fcd4-9f7f-4296-9e52-ee5a66a7e938,Namida Ame to Serenade,High,High
09656afb-aaf9-4f9b-95fd-873cb537ddc3,Gwangma Hoegwi,Medium,Medium
70205c3e-4e70-4017-8e5c-45ebab2cea3e,What has happened to me ～The story of an Uyghur man who now lives in Japan～,Low,Medium
b2df3b97-06b4-4544-8ec3-79bc41dfa03b,White Blood,High,Medium
40bfd771-d92e-4719-ad89-5d4d944ad3a3,Like A Butterfly,Medium,Medium
a787b10a-02d0-46c0-8236-0d01d69ad4a3,Naruto (Official Colored),Medium,High
3e7cd288-b982-45c5-bcae-f9fa7e902c4d,"Goodbye, My Rose Garden",High,High
fbe57225-e455-4680-b2b9-5b8b82a1be9e,Ride-On King,High,High
53f1ec5e-058b-4d18-a23b-2a7dbca5669f,Hoegwihan Yongbyeong eun Da Gyehoek i Itda,Medium,Medium
8fef2dc5-fd32-4d62-9cb3-4a39275e0ef5,Isekai Shikkaku,High,High
ec2fbac7-e0c2-4b2a-adbc-bd79ca6ed37f,"Raishuu, Ame ga Futtara",Medium,Medium
64127f6d-4c79-4dd5-b8e0-de46b0c8916e,The 100th Regression of the Max-Level Player,High,High
e1847df1-db22-4279-95e2-9dbbbd1bbfbc,"Father, I Don't Want This Marriage!",High,High
ba2c3f7e-dc0b-4c8c-b251-9a207364ea11,Screentone Collection,Low,Medium
25707e09-1afb-48da-a04e-36b4daa7cce6,Nobunaga no Chef,Medium,High
96bfa6c4-23c2-4a1f-afb2-e1a6b85da65b,Hokuhokusei ni Kumo to Ike,Medium,High
9704cdd0-bcc2-4e70-926c-734b41e62e4a,Brutal,High,High
8fa8bba1-556c-475d-be40-581ca5f764d0,Kekkai Sensen,Medium,High
06223ae2-ce16-48d6-aa87-e69e8c3634b9,Soloist in a Cage,High,High
d2ff93e0-2c15-4f92-9ea4-ca029f7b9acc,Unmei no Hito ni Deau Hanashi,High,High
6778b78a-19d8-4fa8-b17e-3c145d2dbd88,Omega Heroine Wants Her Alpha Villainess,High,High
7ae7067a-7e68-4bd2-a064-5e3e3c059078,World Trigger,High,High
4702058d-c553-4966-ab09-1deab6328384,xxxHOLIC,Medium,Medium
d2df017b-c003-4de6-9625-4f1fba7aef97,How to Fight,High,High
0f5ab57b-bc85-423b-b2d2-19a97dfc46f1,Isekai Henkyou Meshi,High,High
e41f21d7-b99f-47a6-b6cf-bb88b159c9c0,Kodama Maria Bungaku Shuusei,Medium,High
e4780c06-23e1-4a0c-b7fd-6a9f7b519ba6,Sukeban to Tenkousei,Medium,High
61babdf4-b9dc-4517-ad11-b256a90d067e,Sekaiichi Hatsukoi,Medium,Medium
4c2de9ed-5fab-4337-bd87-78df95cad4af,Hidamari ga Kikoeru,Medium,Medium
d9c5440f-5e30-4289-80b6-f781562967ac,AISHA,Medium,Medium
79428c31-72f5-4fb0-8579-250f7933b2d5,Nae Namja Juingongui Anaega Doeeotda,High,High
d79cd1af-c86a-436c-8478-16c7dc6dc548,Uchuu Ryuugakusei Moru,Medium,Medium
fd9a90b3-d753-4dac-9257-e9e57cce7e75,Hana Monogatari,Medium,High
9c002702-9cf2-4688-a62e-892d7ce58986,Shut Hell,Medium,High
eb5aaae8-4255-4c45-b1f5-8ce6bf34dcb8,Space Cheon-ma 3077,High,Medium
0121587d-69ee-40d7-8488-f2ef66e293ce,Kuma to Usagi wa Tomodachi de wa Irarenai,High,High
0f6003ca-e7f3-43ce-bfd2-0694146994be,Amagami-san Chi no Enmusubi,High,High
4604db12-cafd-4572-a9f8-68525fb1b167,Monochrome no Futari,High,High
98017a70-5580-40fb-9d69-69e377325484,Kono Sekai no Kouryakubon o Hirotteshimaimashita,High,High
ac27f20c-016d-4f8d-b2bc-824fb04cab61,Kochou no Yumeji,Medium,High
212e9236-c0e3-4e85-ae92-087495820251,Karaoke Iko!,Medium,Medium
c52b2ce3-7f95-469c-96b0-479524fb7a1a,Jujutsu Kaisen,Very High,High
e4631dc7-87b9-4d6a-8b3b-5594664ecc27,Fate/kaleid liner PRISMA☆ILLYA 3rei!!,High,High
84bab9b6-b5c1-40e2-a9ce-0664e519b177,Bamboo Samurai,Medium,Medium
d41bebac-1fd3-45dd-80f4-c371db540a2a,Ranma 1/2,Medium,High
630ceee2-3ff7-4542-8d72-8741d97c5df7,Walk on Water,Medium,Medium
eeb2ab0e-7dbc-4f0c-b476-8181d44217a8,Tengoku Daimakyou,High,High
c9a68c3d-cb2f-4d86-aff5-14eb3218d493,Senryuu Shoujo,High,High
d4c49407-6636-4448-9492-bdc3d9f5895b,Gokugoku Futsuu no Fuufu no Hanashi (Fan Colored),Medium,Medium
19043c81-8ab8-432d-8753-d60162488d34,Chou Shin-Uchuu Yori Ai wo Komete,High,High
9f2571b9-f1ba-42fd-82d2-6d371e79ae62,Soara to Mamono no Ie,High,High
39965fe5-08dc-4f10-84eb-4755c1d1f542,Heuksa,Medium,Medium
75ee72ab-c6bf-4b87-badd-de839156934c,Death Note,High,High
6858dbea-6ed4-45aa-8823-c0232e3b9992,MADK,Medium,Medium
94a7d0d5-18c6-4f24-826c-4157e36608e6,"RAINBOW - The Seven From Block 2, Cell 6",Medium,Medium
9e0c53c7-16bd-4f98-affe-de4408c4338e,"Hikaeme ni Itte mo, Kore wa Ai",Medium,High
96338481-0531-4a25-b209-152e4178684b,Radiation House,High,High
cf05fa96-b52a-4684-b884-00f0d4c21f9c,Kishuku Gakkou no Juliet,High,High
ac4e2459-d995-45ae-8421-4c4cf4a87770,Overlord,High,High
d9fa7a13-fc92-4938-986a-a2706aa3c01c,Another Typical Fantasy Romance,Medium,High
19f7ffb3-92de-4ce5-ae0f-b943f0df76f0,Quánqiú Gāokǎo,Medium,Medium
ce63e6b8-fad8-48bc-a2aa-d801fb8d5d43,Magi,High,High
bb5f1b24-58a6-49e4-847b-a322c2addbd5,Neo man Boindan Mariya,High,High
0cfcda3b-0dcb-459b-9931-aa823e7bf403,Nine Peaks,Medium,High
83644dad-1f46-47c7-8a75-484cf311a4c4,Level Up Warrior 3-bu,Medium,Medium
b155dd4b-4db3-4dfd-80b9-d7690ee0c053,Baka ni Kokuhaku,High,High
29ca9de0-b633-4756-b4f3-c3bef1ee4f9e,Cheongchun Love-some,Medium,Medium
e8799d88-d2ac-4b7d-93cd-48afb025d147,Desire for a Reply!,High,Medium
65512e8c-71c6-4143-ab88-1f62942e7dd2,Ramia-Yana,High,High
d1277965-6bd9-457a-9a33-2879832b6d32,Shinmai Shimai no Futari Gohan,High,High
8e0da1d1-1018-47ca-a872-041f24876e2a,Okashiratsuki,Medium,High
cde5424f-02e5-4c90-a433-b92d831d9856,Kimi Meku Yoru ni Kogarete,High,High
41854f71-2a63-4d7b-8e65-e9b0f40214f4,Artificial Temperature 36.7°C,Medium,High
12311367-3e5c-416e-9e26-29d8f5c30050,School Back,Medium,Medium
f5e3baad-3cd4-427c-a2ec-ad7d776b370d,BEASTARS,High,High
0f4f873c-f14e-4849-a85c-b21ed10d62a3,Haruka Tooki Ie,Medium,Medium
ba457ec7-8f27-4fc8-8b0d-2cd6fe1b3524,Records of Linyao,Medium,Medium
3e8cf40f-ba17-480a-b60b-a675db032ee2,Kono Kaisha ni Suki na Hito ga Imasu,High,High
a4e838c4-6ff9-4e4b-8f87-c3a20f36a4ce,Seitokai Yakuindomo,High,High
f738c64a-8050-4ff7-85f3-a0bba314d176,Youkai Gakkou no Seito Hajimemashita!,Medium,Medium
36ff6c07-809a-43b9-815a-e9fd0d9a72bf,Soyeon Beopchik,Medium,High
07d18c41-d141-42c6-98a5-f4f3d0484d22,Sesame and Rice Cake,Medium,Medium
3a1c1aa8-de86-498a-9c6f-87ad80640857,Shinya Shokudou,Medium,Medium
85e284be-1316-48d7-a086-14e17dd85462,"No, You na.",Medium,High
964d8e8a-7bcb-42f1-9651-20b1871eecac,Koori no Hime wa Chiisana Hidamari de Tokasaretai,High,High
b1a9ac33-4978-4fa9-a5ae-2cc728342dab,Tomodachi no Nee-chan ni Koishita Hanashi,Medium,High
7e3d081f-30f2-475d-83bb-e247cffea3d6,Isshiki-san wa Koi o Shiritai.,High,High
cdff1217-6dde-4224-9c47-f8e15bcfd870,Dungeons and Crayons,Medium,Medium
e48e73aa-5cce-4937-b4b1-f03511ba990e,Blue Archive - JAZZ's Twitter Content (Doujinshi),Medium,Medium
9bc96d35-29f4-4c91-9f8d-069267fb7aa9,11-banme no Neko wa Nene,Medium,High
567b51cb-ae4c-4a27-af49-92468c5ff4a4,Kawaii nante Kiitenai!!,High,High
fd604f6e-a784-4c6b-ab00-565a996c33f8,Ryuu to Yuusha to Haitatsunin,High,High
509b1474-cb0a-4f9d-8ca4-95cb44c9b8db,Boku no Tsuma wa Kanjou ga Nai,High,High
4242c6d3-4ee4-4b0b-9ca0-23bd57952805,Koi to Yobu ni wa Sasayaka desu ga,High,High
2c58fb86-7fb9-4db6-9c5f-9696934ea2cb,Higeki no Genkyou to Naru Saikyou Gedou Last Boss Joou wa Tami no Tame ni Tsukushimasu.,High,High
78f730fe-4954-475f-a443-3e4286e33bd0,Make Heroine o Katasetai!! (Pre-Serialization),Medium,High
943cde7b-87bc-415d-b2b1-4b814eb6df04,Himesama to watashi no kekkon ryokou,Medium,Medium
aefbf95e-5fad-4a92-94d2-ac6dc7c44351,Hatori to Furuta no Hinichijou Sahanji,Medium,High
67c6df9e-280f-476c-b13c-cecf6b2eb3c7,The Breaker,High,High
665766a3-905d-4a71-a90a-bd2c75d1a81f,Alice in Borderland,High,High
b8fd9d83-40c4-40f9-8525-bfcab3a6c3eb,Osananajimi o Erabenai!,High,High
0d63e84e-9fee-47d5-a3c2-ac42a397b53a,Yamaguchi-kun wa Warukunai,High,High
84fe5a6a-6414-48f3-9d87-175c3b4c6089,Me & Roboco,Medium,High
46fb8129-fa17-4532-8686-0b9dbdde0236,Watashitachi no Shiawase na Jikan,Medium,Medium
543234e2-30b2-4f1c-b00c-ae291cb54629,Mitsuba Monogatari,High,High
d8f1d7da-8bb1-407b-8be3-10ac2894d3c6,Isekai Ojisan,High,High
ce9e089e-b085-4e16-b41b-4a3343317572,Torima Minshuku Yadori-teki na!,High,High
0483d2ef-557e-43ae-9761-2f2f0677625a,Touhou Suichouka: Lotus Eater-tachi no Suisei,Medium,High
18ac9156-8341-4662-8380-e0e83ee31bda,The Legend of the Strongest Man Kurosawa,Medium,Medium
cb77e4a6-3921-43b9-9d64-7d78cd3205ce,Jigokuraku,High,High
